流水號,料號,長度,管徑
1,1,404,6
1,2,867,6
1,3,492,6
1,4,817,6
1,5,1042,6
`1-1,6,6000,6
`1-1,7,6000,6
`1-1,8,100,1
`1-1,9,882,6
2,1,100,1
2,2,100,0.75
2,3,6000,3
2,4,100,0.75
2,5,6000,3
`2-1,6,910,3
`2-1,7,1322,3
`2-1,8,972,3
`2-1,9,1128,3
`2-1,10,314,3
`2-1,11,1542,3
`2-1,12,88,3
3,1,6000,3
3,2,1822,3
3,3,3972,3
3,4,1572,3
3,5,3830,3
4,6,2022,3
4,7,1178,3
4,8,983,3
4,9,152,3
5,1,544,8
5,2,344,8
6,1,450,6
6,2,1314,6
6,3,1314,6
6,4,1151,4
6,5,100,1
6,6,300,6
7,7,440,6
7,8,1808,6
7,9,616,6
7,10,499,6
7,11,920,6
7,12,100,1
7,13,2714,6
7,14,500,6
8,15,616,6
8,16,499,6
8,17,920,6
8,18,100,1
8,19,2888,6
9,1,793,6
9,2,980,6
9,3,100,1
9,4,300,6
9,5,2714,6
10,6,980,6
10,7,100,1
10,8,300,6
10,9,3214,6
10,10,980,6
11,11,770,6
11,12,528,6
11,13,6000,6
11,14,6000,6
11,15,892,6
11,16,5292,6
11,17,302,6
11,18,1932,6
11,19,176,1
12,20,100,1
12,21,4862,6
12,22,292,6
12,23,6000,6
12,24,1282,6
12,25,2042,6
12,26,6000,6
12,27,6000,6
13,28,122,1
13,29,5938,6
13,30,378,6
13,31,6000,6
13,32,301,6
13,33,700,6
`13-1,34,6000,6
`13-1,35,6000,6
`13-1,36,1770,6
`13-1,37,742,6
`13-1,38,6000,6
`13-1,39,6000,6
`13-1,40,4362,6
14,1,100,1
14,2,225,6
14,3,381,2.5
15,1,100,1
15,2,225,6
15,3,381,2.5
16,1,217,1
16,2,100,1
16,3,100,1
16,4,191,4
16,5,200,4
16,6,1689,4
17,7,100,1
17,8,100,1
17,9,143,1
18,1,217,1
18,2,100,1
18,3,100,1
18,4,191,4
18,5,200,4
18,6,1689,4
19,7,100,1
19,8,100,1
19,9,143,1
20,1,2976,3
20,2,1099,3
20,3,401,3
20,4,100,0.75
20,5,357,2
21,6,100,2
21,7,401,3
21,8,409,2
21,9,361,3
21,10,522,3
21,11,1498,3
22,1,600,6
22,2,378,6
22,3,3163,6
22,4,4478,6
22,5,6000,6
22,6,6000,6
22,7,742,6
22,8,4792,6
22,9,6000,6
22,10,6000,6
23,11,122,1
23,12,6000,6
23,13,6000,6
23,14,5078,6
23,15,2042,6
23,16,6000,6
24,17,1282,6
24,18,292,6
24,19,100,1
24,20,176,1
24,21,4002,6
25,22,1932,6
25,23,732,6
25,24,5292,6
25,25,6000,6
25,26,4623,6
25,27,442,6
25,28,6000,6
25,29,5779,6
26,30,992,6
26,31,100,1
26,32,884,6
26,33,683,6
27,1,433,6
27,2,552,3
27,3,3515,3
27,4,100,2
27,5,785,3
28,6,222,3
28,7,6000,3
28,8,178,3
28,9,3330,3
28,10,4530,3
29,11,100,1
29,12,100,1
29,13,3344,3
30,14,100,0.75
30,15,6000,6
30,16,6000,6
30,17,2764,6
30,18,3764,6
30,19,1328,6
31,20,1492,6
31,21,122,1
31,22,278,2
31,23,315,2
31,24,5082,6
32,1,122,1
32,2,5632,6
32,3,1492,6
32,4,578,6
33,5,779,6
33,6,6000,6
33,7,6000,6
33,8,100,0.75
33,9,6000,6
33,10,1362,6
33,11,552,3
33,12,2912,3
33,13,100,2
33,14,525,3
33,15,222,3
34,16,3130,3
34,17,4598,3
34,18,1350,3
34,19,4361,3
35,20,344,1
35,21,384,1
35,22,100,1
35,23,95,1
35,24,3383,3
36,1,550,3
36,2,1802,3
36,3,4870,3
36,4,200,3
36,5,100,1
36,6,672,3
36,7,1172,3
37,8,1145,3
37,9,1172,3
37,10,824,3
37,11,929,3
37,12,176,1
37,13,100,1
37,14,430,4
38,1,100,1
38,2,100,1
38,3,176,1
39,4,100,0.75
39,5,100,1
39,6,100,1
39,7,887,4
39,8,538,3
39,9,513,3
39,10,1604,3
39,11,1322,3
39,12,1372,3
39,13,550,3
40,1,713,2
40,2,1878,2
40,3,1297,2
40,4,2093,2
40,5,1044,2
40,6,700,2
41,7,360,2
41,8,176,1
41,9,300,4
41,10,100,1
41,11,100,0.75
41,12,344,2
42,1,100,0.75
42,2,588,2
42,3,100,1
42,4,176,1
42,5,300,4
43,6,100,0.75
43,7,100,1
43,8,100,1
43,9,335,2
43,10,708,2
43,11,2353,2
43,12,1297,2
43,13,1448,2
43,14,713,2
44,1,552,3
44,2,2302,3
44,3,222,3
44,4,2457,3
44,5,622,3
44,6,2072,3
44,7,1872,3
44,8,1011,3
45,9,995,3
45,10,425,3
45,11,176,1
45,12,300,4
45,13,100,1
45,14,100,0.75
45,15,433,3
46,1,100,0.75
46,2,100,1
46,3,622,3
46,4,176,1
46,5,300,4
46,6,100,0.75
46,7,100,1
46,8,100,1
46,9,586,3
47,10,530,3
47,11,2187,3
47,12,2072,3
47,13,937,3
47,14,2773,3
47,15,222,3
47,16,1872,3
47,17,552,3
48,1,552,3
48,2,1802,3
48,3,5954,3
48,4,316,3
48,5,916,3
48,6,611,3
48,7,100,0.75
48,8,1444,3
49,9,1849,3
49,10,176,1
49,11,300,4
49,12,100,1
50,1,100,1.5
50,2,100,0.75
50,3,94,1.5
50,4,100,1
50,5,100,0.75
50,6,100,1
50,7,100,1
50,8,300,2
51,9,176,1
51,10,370,4
51,11,435,3
51,12,1623,3
51,13,522,3
51,14,1127,3
51,15,2022,3
51,16,1372,3
51,17,252,3
52,1,662,2
52,2,1878,2
52,3,4869,2
52,4,264,2
52,5,100,0.75
52,6,749,2
52,7,710,2
53,8,501,2
53,9,1242,2
53,10,932,2
53,11,516,2
53,12,1044,2
53,13,176,1
53,14,300,4
53,15,100,1
54,1,100,0.75
54,2,251,2
54,3,100,1
54,4,176,1
54,5,300,4
55,6,100,0.75
55,7,100,1
55,8,100,1
55,9,268,2
55,10,708,2
55,11,2064,2
55,12,1348,2
55,13,1449,2
55,14,662,2
56,1,391,4
56,2,100,0.75
56,3,2616,4
56,4,2356,4
56,5,100,4
57,6,363,4
57,7,1046,4
57,8,1752,4
57,9,100,1
57,10,2948,4
58,11,167,1
58,12,100,1
58,13,176,1
58,14,1044,4
58,15,315,4
58,16,101,3
58,17,376,3
58,18,85,3
59,1,485,3
59,2,376,3
59,3,501,3
59,4,100,1
59,5,286,4
59,6,176,1
59,7,300,4
60,8,176,1
60,9,100,1
61,10,100,0.75
61,11,100,1
61,12,1485,1
61,13,986,4
61,14,106,0.75
61,15,292,4
62,16,1443,4
62,17,1489,4
62,18,100,0.75
62,19,4434,4
62,20,391,4
62,21,1100,4
63,1,100,0.5
63,2,537,10
63,3,322,10
64,1,100,0.5
64,2,537,10
64,3,322,10
65,1,100,0.5
65,2,537,10
65,3,322,10
66,1,938,20
66,2,176,20
66,3,100,0.5
67,4,100,0.5
67,5,5992,20
67,6,2559,20
67,7,126,1
68,8,99,0.5
68,9,1530,20
68,10,239,20
68,11,967,20
69,12,2030,20
69,13,100,0.75
69,14,6000,20
69,15,4484,20
69,16,934,20
69,17,6000,20
69,18,6000,20
69,19,361,20
69,20,1911,20
71,1,4811,20
71,2,6000,20
71,3,3461,20
71,4,934,20
71,5,6000,20
71,6,100,0.75
71,7,4484,20
72,8,934,20
72,9,6000,20
72,10,4880,20
72,11,1005,20
72,12,4470,20
73,13,1102,20
73,14,100,0.5
73,15,126,1
73,16,126,1
73,17,1910,20
73,18,4728,20
74,1,100,0.5
74,2,4402,14
74,3,583,14
75,1,100,0.5
75,2,4402,14
75,3,583,14
76,1,1092,4
76,2,896,4
76,3,2240,4
76,4,2064,4
76,5,510,4
76,6,211,4
77,7,100,0.5
77,8,269,4
77,9,1323,3
77,10,780,3
77,11,2579,4
77,12,1319,3
77,13,780,3
78,1,187,4
78,2,229,4
78,3,3401,4
78,4,4075,4
78,5,2234,4
78,6,138,4
78,7,1096,4
78,8,422,4
78,9,224,4
79,1,216,1
79,2,384,1
79,3,2069,1
79,4,554,1
79,5,6000,1
79,6,6000,1
79,7,6000,1
80,8,6000,1
80,9,1837,1
80,10,704,1
80,11,2470,1
80,12,100,0.75
80,13,6000,1
`80-1,14,6000,1
`80-1,15,478,1
`80-1,16,704,1
`80-1,17,4832,1
`80-1,18,2404,1
`80-1,19,854,1
`80-1,20,340,1
`80-1,21,1087,1
81,1,6000,16
81,2,100,0.75
81,3,2496,16
81,4,553,16
81,5,1556,16
81,6,129,8
82,7,4845,16
82,8,6000,14
82,9,6000,14
82,10,5531,14
82,11,306,14
82,12,100,1
82,13,6000,14
83,14,6000,14
83,15,6000,14
83,16,1595,14
83,17,1434,14
83,18,6000,14
83,19,4566,14
83,20,306,14
84,22,475,14
84,23,3618,14
84,24,6000,14
84,25,2203,14
85,26,2007,14
85,27,100,1
85,28,2942,14
85,29,761,14
86,30,318,6
86,31,581,6
86,32,1987,14
87,1,1531,14
87,2,2147,14
88,3,100,1
88,4,2942,14
88,5,725,14
89,6,6000,14
89,7,1723,14
89,8,4684,14
89,9,5705,14
90,10,306,14
90,11,6000,14
90,12,4566,14
90,13,1434,14
90,14,6000,14
90,15,6000,14
90,16,6000,14
91,17,100,1
91,18,595,14
91,19,306,14
91,20,6000,14
91,21,6000,14
91,22,5061,14
92,23,128,8
92,24,443,8
92,25,5475,16
92,26,2086,16
92,27,553,16
92,28,100,0.75
92,29,6000,16
92,30,2496,16
93,1,515,6
93,2,120,6
93,3,522,6
93,4,100,0.5
93,5,1640,1.5
93,6,226,1.5
93,7,1200,1.5
93,8,250,1.5
94,9,126,1
94,10,708,6
94,11,100,1
94,12,200,6
95,1,100,0.75
95,2,100,1
95,3,200,6
95,4,126,1
96,5,1045,1.5
96,6,224,1.5
96,7,1506,1.5
96,8,144,1.5
96,9,100,0.5
96,10,631,6
96,11,405,6
96,12,515,6
97,1,515,6
97,2,120,6
97,3,527,6
97,4,100,0.5
97,5,1640,1.5
97,6,226,1.5
97,7,1200,1.5
97,8,250,1.5
98,9,126,1
98,10,703,6
98,11,100,1
98,12,200,6
99,1,100,0.75
99,2,100,1
99,3,200,6
99,4,126,1
100,5,1045,1.5
100,6,224,1.5
100,7,1506,1.5
100,8,144,1.5
100,9,100,0.5
100,10,631,6
100,11,400,6
100,12,515,6
101,1,404,8
101,2,1804,8
101,3,413,8
102,4,100,0.5
102,5,126,1
102,6,546,8
102,7,126,8
102,8,100,1
102,9,291,8
103,1,126,1
103,2,100,0.5
104,3,100,0.75
104,4,100,1
104,5,690,8
104,6,243,8
105,7,947,8
105,8,404,8
106,1,404,8
106,2,1804,8
106,3,413,8
107,4,100,0.5
107,5,126,1
107,6,546,8
107,7,100,1
107,8,291,8
108,1,126,1
108,2,100,0.5
109,3,100,0.75
109,4,100,1
109,5,690,8
109,6,243,8
110,7,925,8
110,8,404,8
111,1,118,1
111,2,105,1
111,3,100,0.75
111,4,598,1
111,5,554,1
111,6,6000,1
111,7,3773,1
`111-1,8,554,1
`111-1,9,2140,1
`111-1,10,100,0.75
`111-1,11,5408,1
112,1,5309,1
112,2,100,0.75
112,3,2305,1
112,4,554,1
`112-1,5,6000,1
`112-1,6,3738,1
`112-1,7,554,1
`112-1,8,934,1
`112-1,9,100,0.75
`112-1,10,104,1
`112-1,11,118,1
113,1,447,2
113,2,100,0.75
113,3,2463,2
113,4,2698,2
113,5,100,0.75
113,6,2098,2
114,7,156,2
114,8,718,2
114,9,100,0.5
114,10,203,2
115,11,126,1
115,12,300,4
115,13,100,0.75
115,14,200,2
116,1,100,0.75
116,2,193,2
116,3,126,1
116,4,300,4
117,5,100,0.5
117,6,100,0.5
117,7,203,2
117,8,100,1
117,9,100,1
117,10,1133,2
118,11,1232,2
118,12,100,0.75
118,13,1772,2
118,14,2698,2
118,15,100,0.75
118,16,2153,2
118,17,446,2
119,1,505,1
119,2,2569,1
119,3,6000,1
119,4,1091,1
119,5,200,1
119,6,3454,1
119,7,1259,1
119,8,100,1
119,9,323,1
120,10,100,0.5
120,11,126,1
120,12,300,4
120,13,270,1
120,14,124,1
120,15,100,0.75
120,16,208,1
120,17,108,1
121,1,100,1
121,2,205,1
121,3,100,0.75
121,4,154,1
121,5,654,1
122,6,157,1
122,7,126,1
122,8,300,4
122,9,100,0.5
123,10,125,1
123,11,100,0.75
123,12,100,1
123,13,727,1
123,14,124,1
123,15,75,1
123,16,1113,1
123,17,968,1
123,18,1765,1
123,19,6000,1
123,20,1091,1
123,21,2259,1
123,22,505,1
124,1,390,4
124,2,2311,4
124,3,6000,4
124,4,846,4
124,5,757,4
124,6,671,4
125,7,100,0.5
125,8,126,1
125,9,100,0.75
125,10,600,4
126,1,100,0.75
126,2,126,1
126,3,448,4
127,4,100,0.5
127,5,100,0.5
127,6,100,0.75
127,7,100,0.75
127,8,113,1
127,9,1435,1
127,10,450,4
128,11,1189,4
128,12,226,4
128,13,1547,4
128,14,6000,4
128,15,846,4
128,16,2001,4
128,17,389,4
129,1,414,3
129,2,100,0.75
129,3,2387,3
129,4,2622,3
129,5,100,0.75
129,6,1931,3
130,7,1127,3
130,8,100,0.5
130,9,200,3
131,10,126,1
131,11,300,4
131,12,100,0.75
131,13,200,3
132,1,100,0.75
132,2,200,3
132,3,126,1
132,4,300,4
133,5,100,1
133,6,100,1
133,7,1552,2
133,8,831,3
133,9,100,0.5
133,10,282,3
134,11,1097,3
134,12,100,0.75
134,13,673,3
134,14,2622,3
134,15,100,0.75
134,16,2077,3
134,17,414,3
135,1,446,2
135,2,2463,2
135,3,1999,2
135,4,772,2
135,5,918,2
135,6,100,0.5
135,7,502,2
136,8,126,1
136,9,300,4
136,10,100,0.75
136,11,200,2
137,1,100,0.75
137,2,200,2
137,3,126,1
137,4,300,4
138,5,100,0.5
138,6,100,0.5
138,7,300,2
139,8,150,0.75
139,9,100,0.75
139,10,100,1
139,11,1441,1
140,12,200,2
140,13,1961,2
140,14,743,2
140,15,1348,2
140,16,2153,2
140,17,446,2
141,1,327,6
141,2,2157,6
141,3,6000,6
141,4,5693,6
141,5,694,6
141,6,735,6
141,7,200,6
142,8,100,0.5
142,9,126,1
142,10,100,0.75
142,11,451,6
143,1,100,0.75
143,2,317,6
143,3,531,6
144,4,126,1
144,5,100,0.5
144,6,100,0.75
144,7,113,1
144,8,1448,1
144,9,1021,6
145,10,849,6
145,11,694,6
145,12,333,6
145,13,6000,6
145,14,5642,6
145,15,1847,6
145,16,327,6
146,1,129,8
146,2,355,8
146,3,190,8
146,4,200,8
146,5,3461,8
146,6,3552,8
147,7,352,3
147,8,210,3
147,9,100,1
147,10,4191,8
148,1,100,1
148,2,6000,8
149,3,2124,8
149,4,2077,8
149,5,1303,8
149,6,190,8
149,7,135,8
149,8,129,8
150,1,150,0.5
150,2,140,1
150,3,300,8
150,4,1170,6
150,5,564,6
150,6,379,6
150,7,342,6
150,8,5165,6
151,9,6000,6
151,10,6000,6
151,11,3187,6
151,12,2042,6
151,13,6000,6
151,14,6000,6
151,15,1913,6
151,16,6000,6
151,17,714,6
152,18,5614,6
152,19,210,0.75
152,20,599,0.75
152,21,847,0.75
152,22,262,0.75
152,23,2462,0.75
152,24,354,4
152,25,100,0.75
152,26,959,6
153,27,100,0.75
153,28,217,0.75
153,29,205,0.75
153,30,100,0.75
153,31,99,0.75
153,32,175,0.75
153,33,662,0.75
153,34,100,0.75
153,35,282,0.75
154,1,100,0.5
154,2,116,0.5
154,3,2163,0.5
155,1,2308,2
155,2,100,0.75
155,3,6000,2
155,4,6000,2
155,5,3471,2
155,6,1377,1
157,1,441,4
157,2,681,4
157,3,4010,4
157,4,100,0.75
157,5,296,4
157,6,100,0.5
158,7,166,1
158,8,100,0.5
158,9,166,1
158,10,3278,4
158,11,905,4
158,12,796,4
159,13,751,4
159,14,1589,4
159,15,368,2
159,16,1054,3
159,17,100,0.75
159,18,344,4
160,1,492,4
160,2,100,0.5
160,3,3018,4
160,4,2223,4
160,5,100,0.5
160,6,443,4
160,7,3128,4
161,8,494,4
161,9,228,4
161,10,768,4
161,11,2046,4
161,12,493,4
162,13,645,4
162,14,4777,3
162,15,100,0.75
162,16,2877,3
162,17,6000,4
163,18,100,0.75
163,19,6000,4
163,20,6000,4
163,21,6000,4
163,22,2160,4
163,23,6000,4
163,24,1423,4
164,25,2196,4
164,26,6000,4
164,27,6000,4
164,28,6000,4
164,29,108,4
165,30,6000,4
165,31,606,1.5
165,32,2076,1.5
165,33,3012,1.5
165,34,4854,4
165,35,493,4
166,36,6000,4
166,37,6000,4
166,38,6000,4
166,39,1546,4
166,40,896,4
166,41,2188,4
167,1,543,3
167,2,112,0.5
167,3,3088,3
167,4,112,0.5
167,5,500,3
167,6,2698,3
168,7,1783,3
168,8,516,3
168,9,148,3
168,10,825,3
169,11,2572,3
169,12,534,3
169,13,6000,3
169,14,6000,3
169,15,6000,3
169,16,6000,3
169,17,3022,3
170,18,2272,3
170,19,6000,3
170,20,6000,3
170,21,5237,3
171,22,522,3
171,23,6000,3
171,24,6000,3
171,25,6000,3
171,26,1172,3
171,27,972,3
171,28,6000,3
172,29,6000,3
172,30,5862,3
172,31,446,3
172,32,185,3
172,33,4237,3
172,34,222,3
173,35,6000,3
173,36,2257,3
173,37,6000,3
173,38,6000,3
173,39,1242,3
173,40,259,3
174,41,5400,3
174,42,6000,3
174,43,6000,3
174,44,5627,3
175,1,551,3
175,2,4757,3
175,3,972,3
175,4,100,0.75
175,5,6000,3
175,6,6000,3
175,7,6000,3
175,8,4672,3
176,9,1722,3
176,10,6000,3
176,11,100,0.75
176,12,6000,3
176,13,1672,3
176,14,1722,3
177,15,100,0.75
177,16,100,0.75
177,17,6000,3
177,18,6000,3
177,19,6000,3
177,20,5817,3
178,21,522,3
178,22,100,0.75
178,23,6000,3
178,24,3772,3
178,25,522,3
178,26,6000,3
178,27,6000,3
178,28,6000,3
178,29,100,0.75
178,30,6000,3
178,31,1771,3
179,1,6000,4
179,2,6000,4
179,3,3263,4
179,4,493,4
179,5,1545,4
179,6,6000,4
179,7,6000,4
180,8,3087,2
180,9,298,2
180,10,6000,2
180,11,2783,2
180,12,6000,2
181,13,100,0.75
181,14,6000,2
181,15,6000,2
181,16,100,0.75
181,17,5345,2
182,18,6000,4
182,19,1003,4
182,20,2358,4
182,21,1646,4
182,22,6000,4
182,23,6000,4
182,24,5058,4
182,25,6000,4
183,26,100,0.75
183,27,2128,4
183,28,1646,4
183,29,6000,4
183,30,100,0.75
183,31,6000,4
183,32,596,4
183,33,1646,4
183,34,1393,4
184,35,6000,4
184,36,6000,4
184,37,6000,4
184,38,6000,4
184,39,6000,4
185,40,100,0.75
185,41,6000,4
185,42,1128,4
185,43,446,4
185,44,6000,4
185,45,6000,4
185,46,6000,4
185,47,6000,4
185,48,6000,4
185,49,5278,4
186,1,583,2
186,2,1148,2
186,3,2848,2
186,4,4160,2
186,5,899,2
187,1,525,3
187,2,100,0.75
187,3,1372,3
187,4,1272,3
187,5,2552,3
188,6,1287,3
188,7,1175,3
188,8,4078,3
188,9,6000,3
188,10,285,3
188,11,622,3
188,12,6000,3
188,13,100,0.75
188,14,2206,3
189,15,1400,3
189,16,6000,3
189,17,2502,3
189,18,400,3
189,19,6000,3
189,20,1749,3
190,1,558,2
190,2,1333,2
190,3,4048,2
190,4,6000,2
190,5,100,0.75
190,6,6000,2
191,7,6000,2
191,8,100,0.75
191,9,6000,2
191,10,100,0.75
191,11,2860,2
192,1,558,2
192,2,1833,2
192,3,2848,2
192,4,6000,2
192,5,5800,2
192,6,100,0.75
192,7,6000,2
192,8,6000,2
192,9,100,0.75
192,10,2710,2
193,1,1008,2
193,2,100,0.75
193,3,4474,2
193,4,6000,2
193,5,6000,2
193,6,6000,2
193,7,4084,2
193,8,100,0.5
193,9,1969,2
194,1,2446,1.5
194,2,3376,1.5
194,3,6000,1.5
194,4,1170,1.5
194,5,100,0.5
194,6,474,1
194,7,2107,1
195,1,208,2
195,2,2333,2
195,3,1448,2
195,4,6000,2
195,5,100,0.75
195,6,6000,2
195,7,6000,2
195,8,100,0.75
195,9,6000,2
195,10,60,2
196,1,256,1.5
196,2,2036,1.5
196,3,2312,1.5
196,4,2128,1.5
196,5,2110,1.5
196,6,6000,1.5
196,7,2523,1.5
196,8,4019,1.5
197,9,190,1
197,10,754,1
197,11,630,1
197,12,2080,1
197,13,6000,1.5
197,14,4273,1.5
197,15,345,1
197,16,1078,1
198,17,74,1
198,18,2904,1
198,19,158,1
198,20,2550,1
199,21,6000,1.5
199,22,2148,1.5
199,23,866,1
199,24,754,1
199,25,630,1
199,26,2018,1.5
199,27,795,1.5
199,28,3062,1.5
200,1,144,8
200,2,844,8
200,3,344,8
200,4,844,8
201,1,850,8
201,2,844,8
201,3,100,0.5
201,4,2532,8
201,5,972,8
203,1,100,6
203,2,100,1
203,3,225,6
203,4,387,3
204,1,100,6
204,2,100,1
204,3,225,6
204,4,387,3
205,1,196,1
205,2,121,1
205,3,191,4
206,4,100,1
206,5,100,1
206,6,143,1
207,7,200,4
207,8,1791,4
208,1,196,1
208,2,121,1
208,3,191,4
209,4,100,1
209,5,100,1
209,6,143,1
210,7,200,4
210,8,1791,4
211,1,645,4
211,2,100,0.75
211,3,1446,4
211,4,1259,4
211,5,334,4
211,6,143,4
211,7,389,4
212,8,100,0.75
212,9,225,3
212,10,875,3
212,11,672,3
212,12,546,4
212,13,436,4
212,14,200,4
213,1,100,4
213,2,100,1
213,3,225,4
213,4,594,2.5
214,1,100,4
214,2,100,1
214,3,225,4
214,4,594,2.5
215,1,128,1
215,2,100,1
215,3,267,3
215,4,200,3
215,5,1855,3
216,6,100,1
216,7,100,1
216,8,194,1
217,1,128,1
217,2,100,1
217,3,267,3
217,4,200,3
217,5,1855,3
218,6,100,1
218,7,100,1
218,8,194,1
219,1,417,8
219,2,269,8
219,3,2774,8
219,4,479,6
219,5,192,6
219,6,383,6
219,7,584,6
219,8,100,1
219,9,293,6
220,10,2644,8
220,11,479,6
220,12,192,6
220,13,383,6
220,14,584,6
220,15,100,1
220,16,293,6
220,17,1795,8
221,1,2310,8
221,2,417,8
221,3,6000,8
221,4,241,8
221,5,5140,8
221,6,1429,8
221,7,1810,8
222,8,236,6
222,9,501,6
222,10,100,1
222,11,473,6
222,12,2423,8
223,13,188,6
223,14,501,6
223,15,100,1
223,16,473,6
223,17,1795,8
224,18,100,0.5
224,19,176,1
224,20,3532,8
224,21,151,6
224,22,292,6
224,23,6000,6
224,24,1757,6
225,25,2042,6
225,26,6000,6
225,27,6000,6
225,28,6000,6
225,29,3043,6
225,30,274,6
225,31,100,1
225,32,918,6
226,1,100,1
226,2,1698,6
226,3,274,6
226,4,6000,6
226,5,6000,6
226,6,6000,6
226,7,2433,6
227,8,2042,6
227,9,6000,6
227,10,1697,6
227,11,292,6
227,12,251,6
227,13,100,0.5
228,14,176,1
228,15,4052,8
228,16,1810,8
228,17,479,8
228,18,5140,8
228,19,1051,8
229,20,340,8
229,21,100,0.75
229,22,6000,8
229,23,570,8
229,24,142,8
230,25,100,0.5
230,26,332,8
230,27,129,3
230,28,160,3
230,29,300,8
231,1,328,6
231,2,6000,6
231,3,6000,6
231,4,6000,6
231,5,6000,6
231,6,6000,6
231,7,2327,6
231,8,292,6
231,9,4681,6
231,10,1211,6
232,1,5371,6
232,2,292,6
232,3,2387,6
232,4,3742,6
232,5,3404,6
232,6,751,6
232,7,100,0.75
232,8,149,6
233,9,176,1
233,10,100,0.5
233,11,4492,6
233,12,1077,6
233,13,292,6
233,14,6000,6
233,15,6000,6
233,16,6000,6
233,17,6000,6
233,18,442,6
233,19,328,6
234,1,558,2
234,2,4288,2
234,3,5700,2
234,4,4748,2
234,5,4480,2
234,6,1173,2
234,7,500,2
235,8,100,0.5
235,9,270,2
235,10,176,1
235,11,325,4
235,12,100,0.75
235,13,175,2
235,14,323,2
236,1,306,2
236,2,1998,2
236,3,348,2
236,4,2128,2
236,5,100,0.75
236,6,200,2
237,7,176,1
237,8,300,4
237,9,100,0.5
237,10,100,0.75
237,11,100,1
237,12,612,1
237,13,447,2
238,14,343,2
238,15,923,2
238,16,513,2
238,17,3045,2
238,18,5498,2
238,19,4008,2
238,20,558,2
239,1,610,1
239,2,4249,1
239,3,100,0.75
239,4,100,1
239,5,4304,1
239,6,2494,1
239,7,1004,1
239,8,384,1
239,9,505,1
240,1,506,1
240,2,564,1
240,3,1004,1
240,4,3694,1
240,5,4304,1
240,6,100,1
240,7,100,0.75
240,8,3969,1
240,9,609,1
241,1,610,1
241,2,4249,1
241,3,100,0.75
241,4,100,1
241,5,4304,1
241,6,2684,1
241,7,1004,1
241,8,257,1
241,9,505,1
242,1,506,1
242,2,437,1
242,3,1004,1
242,4,3694,1
242,5,4304,1
242,6,100,1
242,7,100,0.75
242,8,3969,1
242,9,609,1
243,1,526,3
243,2,4212,3
243,3,6000,3
243,4,6000,3
243,5,2872,3
243,6,2195,3
243,7,333,3
243,8,1177,3
243,9,552,3
244,10,100,0.5
244,11,300,3
244,12,176,1
244,13,300,4
244,14,76,0.75
244,15,100,0.75
244,16,200,3
245,1,322,3
245,2,3278,3
245,3,100,0.75
245,4,200,3
245,5,176,1
245,6,300,4
245,7,100,0.5
246,8,100,0.75
246,9,100,1
246,10,1441,1
246,11,800,3
246,12,1307,3
246,13,204,3
246,14,1532,3
246,15,6000,3
246,16,4372,3
246,17,3932,3
246,18,525,3
247,1,610,1
247,2,4249,1
247,3,100,0.75
247,4,100,1
247,5,4304,1
247,6,2784,1
247,7,1004,1
247,8,306,1
247,9,505,1
248,1,1556,1
248,2,3194,1
248,3,4304,1
248,4,100,1
248,5,100,0.75
248,6,3969,1
248,7,609,1
249,1,610,1
249,2,4545,1
249,3,5349,1
249,4,4004,1
249,5,804,1
249,6,511,1
250,1,512,1
250,2,1384,1
250,3,4004,1
250,4,5348,1
250,5,4084,1
250,6,609,1
251,1,226,4
251,2,5718,4
251,3,6000,4
251,4,2368,4
252,5,2180,4
252,6,100,1
252,7,2522,4
252,8,320,4
253,1,315,2
253,2,128,2
253,3,94,1
253,4,2272,4
254,5,2048,4
254,6,5650,4
254,7,3500,4
254,8,4988,4
254,9,226,4
255,1,129,4
255,2,100,1
255,3,200,4
255,4,100,0.5
255,5,2412,4
256,6,971,4
256,7,886,3
256,8,100,1
256,9,276,4
256,10,886,3
256,11,882,3
256,12,643,4
257,1,100,0.5
257,2,747,4
257,3,279,4
257,4,565,4
257,5,1394,6
257,6,172,6
257,7,719,6
258,8,6000,6
258,9,6000,6
258,10,6000,6
258,11,1240,6
258,12,100,0.75
258,13,126,6
259,1,100,0.5
259,2,747,4
259,3,301,4
260,1,6000,6
260,2,6000,6
260,3,747,6
260,4,16,6
260,5,1931,6
261,6,100,1
261,7,1108,6
261,8,387,6
261,9,100,1
261,10,1008,6
261,11,494,6
262,1,284,4
262,2,786,4
262,3,681,4
262,4,4196,4
262,5,4396,4
262,6,1141,4
263,7,493,4
263,8,6000,4
263,9,6000,4
263,10,2848,4
263,11,493,4
263,12,6000,4
264,13,100,0.75
264,14,3743,4
264,15,446,4
264,16,6000,4
264,17,6000,4
264,18,6000,4
265,19,100,0.75
265,20,6000,4
265,21,291,4
265,22,1646,4
265,23,2143,4
266,24,100,0.75
266,25,6000,4
266,26,5243,4
266,27,1646,4
266,28,2993,4
267,29,6000,4
267,30,6000,4
267,31,6000,4
267,32,100,0.75
267,33,1393,4
267,34,896,4
267,35,4146,4
267,36,493,4
268,1,2674,3
268,2,972,3
268,3,6000,3
268,4,6000,3
268,5,6000,3
268,6,2137,3
269,7,550,3
269,8,6000,3
269,9,3078,3
269,10,584,2
269,11,2503,2
269,12,2903,2
269,13,694,3
270,14,6000,3
270,15,2378,3
270,16,6000,3
270,17,4665,3
270,18,2272,3
270,19,6000,3
270,20,1250,3
271,21,6000,3
271,22,6000,3
271,23,6000,3
271,24,6000,3
271,25,6000,3
272,26,6000,3
272,27,100,1
272,28,6000,3
272,29,533,3
272,30,974,3
273,1,6000,4
273,2,6000,4
273,3,2178,4
273,4,612,2
273,5,5555,2
273,6,298,2
273,7,6000,4
274,8,6000,2
274,9,3318,2
274,10,6000,2
274,11,6000,2
274,12,1900,2
275,13,6000,2
275,14,6000,2
275,15,2674,2
275,16,100,1
275,17,722,2
276,18,6000,4
276,19,6000,4
276,20,63,4
276,21,2763,4
276,22,1646,4
276,23,6000,4
276,24,6000,4
276,25,6000,4
276,26,6000,4
276,27,100,0.75
276,28,1396,4
277,29,1646,4
277,30,6000,4
277,31,100,0.75
277,32,6000,4
277,33,596,4
277,34,1646,4
277,35,1093,4
278,36,6000,4
278,37,6000,4
278,38,6000,4
278,39,6000,4
278,40,6000,4
278,41,6000,4
278,42,100,0.75
278,43,1963,4
278,44,446,4
278,45,6000,4
278,46,6000,4
278,47,6000,4
278,48,6000,4
278,49,6000,4
279,50,5766,4
279,51,896,4
279,52,4148,4
279,53,6000,4
279,54,6000,4
279,55,6000,4
279,56,4055,4
279,57,1054,4
280,1,4062,2
280,2,3598,2
280,3,4486,2
280,4,1000,0.75
280,5,2409,0.75
280,6,1012,0.75
280,7,1829,0.75
280,8,1100,0.75
`280-1,9,2390,1
`280-1,10,1004,1
`280-1,11,340,1
`280-1,12,1087,1
281,1,651,3
281,2,1317,3
281,3,6000,3
281,4,321,3
281,5,1622,3
281,6,1120,3
281,7,2612,3
282,8,444,3
282,9,754,2
282,10,873,2
283,11,194,3
283,12,327,3
283,13,1312,3
283,14,670,3
283,15,256,3
283,16,353,3
284,17,100,0.75
284,18,200,3
285,1,625,1.5
285,2,1171,1.5
285,3,100,1.5
285,4,400,1.5
285,5,116,1.5
285,6,116,1.5
285,7,2186,1.5
285,8,1086,1.5
285,9,806,1.5
285,10,1586,1.5
285,11,158,1.5
286,1,413,1
286,2,6000,1
286,3,6000,1
286,4,6000,1
286,5,3960,1
286,6,6000,1
286,7,6000,1
286,8,3397,1
286,9,154,1
286,10,707,1
286,11,5900,1
286,12,91,1
287,13,1188,1
287,14,1654,1
287,15,654,1
287,16,304,1
287,17,789,1
287,18,840,1
287,19,173,1
287,20,6000,0.75
287,21,3649,0.75
287,22,145,0.75
288,1,1349,1
288,2,6000,1
288,3,2506,1
288,4,554,1
288,5,6000,1
288,6,1416,1
288,7,89,1
288,8,3468,1
289,1,6000,1
289,2,98,1
289,3,804,1
289,4,1304,1
289,5,804,1
289,6,1574,1
289,7,1269,1
290,1,90,1
290,2,584,1
290,3,218,1
291,1,635,1
291,2,1869,1
291,3,4454,1
291,4,3104,1
291,5,2868,1
292,1,635,1
292,2,1739,1
292,3,3554,1
292,4,754,1
292,5,3568,1
293,1,610,1
293,2,1399,1
293,3,4454,1
293,4,3596,1
293,5,2668,1
294,1,610,1
294,2,1399,1
294,3,6000,1
294,4,1155,1
295,1,610,1
295,2,1399,1
295,3,6000,1
295,4,1155,1
296,1,6000,1
296,2,3987,1
296,3,704,1
296,4,2259,1
296,5,2204,1
296,6,1297,1
296,7,2304,1
296,8,754,1
296,9,869,1
297,1,4555,1
297,2,2304,1
297,3,754,1
297,4,869,1
298,1,510,1
298,2,1774,1
298,3,6000,1
298,4,3005,1
299,1,913,1
299,2,1874,1
299,3,6000,1
299,4,1141,1
299,5,969,1
300,1,133,1
300,2,5043,1
300,3,1634,1
300,4,969,1
301,1,360,1
301,2,1791,1
301,3,6000,1
301,4,741,1
301,5,2887,1
301,6,104,1
301,7,354,1
301,8,1918,1
302,1,563,1
302,2,3584,1
302,3,4304,1
302,4,449,1
302,5,3468,1
303,1,563,1
303,2,1124,1
303,3,104,1
303,4,428,1
303,5,6000,1
303,6,641,1
303,7,969,1
304,1,1645,1
304,2,654,1
304,3,1689,1
304,4,6000,1
304,5,6000,1
304,6,4318,1
304,7,169,1
304,8,8,1
305,1,710,1
305,2,1991,1
305,3,6000,1
305,4,1255,1
306,1,584,2
306,2,100,0.75
306,3,1963,2
306,4,1348,2
306,5,2913,2
306,6,1363,2
306,7,965,2
307,8,4108,2
307,9,2673,2
307,10,3008,2
307,11,101,0.75
307,12,3060,2
307,13,86,2
307,14,1163,1
307,15,100,1
308,1,208,2
308,2,2868,2
308,3,1448,2
308,4,5780,2
308,5,6000,2
308,6,6000,2
308,7,6000,2
308,8,6000,2
308,9,5053,2
308,10,821,2
309,1,234,2
309,2,2463,2
309,3,2203,2
309,4,1330,2
309,5,75,0.75
309,6,75,0.75
309,7,75,0.75
309,8,1428,2
310,9,6000,2
310,10,1888,2
310,11,397,2
310,12,2302,2
310,13,5742,2
310,14,4772,2
310,15,4972,2
311,16,3357,2
311,17,1589,2
311,18,1233,2
311,19,6000,2
311,20,520,2
311,21,272,2
311,22,100,1
311,23,772,2
312,1,177,1
312,2,1774,1
312,3,630,1
312,4,1764,1
312,5,1549,1
313,1,177,1
313,2,1764,1
313,3,630,1
313,4,1774,1
314,1,1091,1
314,2,234,1
314,3,3564,1
314,4,193,1
314,5,2339,1
315,1,1056,1
315,2,434,1
315,3,3564,1
315,4,158,1
315,5,3024,1
316,1,1091,1
316,2,234,1
316,3,3564,1
316,4,193,1
316,5,2339,1
317,1,853,1
317,2,1764,1
317,3,1104,1
318,1,213,1
318,2,1059,1
318,3,2179,1
318,4,672,1
318,5,369,1
319,1,150,1
319,2,5890,4
319,3,493,4
319,4,1486,4
320,5,6000,4
320,6,6000,4
320,7,3673,4
320,8,2196,4
320,9,6000,4
320,10,6000,4
320,11,6000,4
320,12,2816,4
320,13,446,4
321,14,3166,4
321,15,996,4
321,16,1541,4
321,17,2846,4
321,18,1766,4
321,19,1318,4
321,20,1359,4
321,21,123,4
323,1,549,1
323,2,604,1
323,3,2583,2
323,4,172,2
323,5,491,2
323,6,148,2
323,7,1692,2
323,8,1198,2
323,9,1310,2
323,10,337,2
324,1,511,1
324,2,100,0.75
324,3,100,0.75
324,4,100,1
324,5,100,2
324,6,100,0.5
324,7,100,0.5
324,8,2769,2
325,9,538,2
325,10,1671,2
325,11,4348,2
325,12,2698,2
325,13,100,0.75
325,14,1798,2
325,15,558,2
326,1,485,1.5
326,2,164,1.5
326,3,2219,3
326,4,1090,3
326,5,1747,3
326,6,800,3
326,7,430,3
327,1,100,0.75
327,2,100,0.75
327,3,589,2
327,4,100,0.5
327,5,100,0.5
327,6,2167,3
328,7,722,3
328,8,272,3
328,9,4636,3
328,10,2672,3
328,11,100,0.75
328,12,1722,3
328,13,525,3
329,1,567,0.75
329,2,100,0.75
329,3,100,0.75
329,4,1744,0.75
329,5,2219,4
330,6,4112,0.75
330,7,262,0.75
330,8,292,0.75
330,9,662,0.75
330,10,662,0.75
330,11,804,0.75
`330-1,12,6000,4
`330-1,13,1365,4
`330-1,14,6000,4
`330-1,15,4038,4
`330-1,16,150,0.75
`330-1,17,150,0.75
`330-1,18,666,4
331,1,671,0.75
331,2,767,0.75
331,3,1052,0.75
331,4,6000,0.75
331,5,662,0.75
331,6,804,0.75
331,7,6000,2
332,8,66,2
332,9,100,1.5
332,10,9472,2
332,11,3400,2
332,12,6000,2
332,13,3365,2
332,14,2348,2
333,15,5700,2
333,16,6000,2
333,17,6000,2
333,18,3448,2
333,19,598,2
333,20,753,2
333,21,1348,2
334,22,1603,2
334,23,1088,2
334,24,2278,2
334,25,2998,2
334,26,1585,2
334,27,1565,2
334,28,1588,2
334,29,204,2
335,1,419,0.75
335,2,226,0.75
335,3,335,0.75
335,4,100,0.75
335,5,100,0.75
335,6,562,0.75
336,7,162,0.75
336,8,449,0.75
336,9,205,0.75
336,10,217,0.75
336,11,100,0.75
336,12,100,0.75
336,13,198,0.75
`336-1,14,443,0.75
`336-1,15,1342,0.75
`336-1,16,162,0.75
`336-1,17,427,0.75
`336-1,18,162,0.75
`336-1,19,6000,0.75
`336-1,20,2052,0.75
`336-1,21,717,0.75
`336-1,22,100,0.75
`336-1,23,670,0.75
337,1,956,1
337,2,705,1
337,3,6000,1
337,4,141,1
337,5,859,1
337,6,662,1
338,1,286,0.75
338,2,150,0.75
338,3,454,0.75
338,4,193,0.75
338,5,100,0.75
338,6,223,0.75
338,7,162,0.75
339,8,100,0.75
339,9,100,0.75
339,10,212,0.75
339,11,1274,0.75
339,12,162,0.75
339,13,177,0.75
339,14,205,0.75
339,15,644,0.75
340,1,473,3
340,2,1277,3
340,3,1527,3
340,4,1337,3
340,5,628,3
340,6,476,3
341,7,100,0.5
341,8,100,0.5
341,9,1370,3
341,10,100,0.75
341,11,334,3
342,12,383,2
342,13,100,0.75
342,14,1848,2
342,15,898,2
344,16,100,0.5
344,17,835,3
344,18,837,2
344,19,456,4
344,20,1166,4
345,21,100,3
345,22,166,1
345,23,300,4
345,24,1692,3
346,1,441,4
346,2,1201,4
346,3,1496,4
346,4,2198,4
346,5,358,4
346,6,1007,4
346,7,100,0.5
346,8,153,4
347,9,244,3
347,10,100,0.75
347,11,1972,3
347,12,838,3
347,13,100,0.75
347,14,301,4
348,15,100,0.5
348,16,166,1
348,17,1166,4
348,18,97,4
349,19,651,3
349,20,877,3
349,21,2062,4
349,22,320,4
349,23,1934,4
349,24,111,4
350,1,380,6
350,2,150,0.5
350,3,259,6
350,4,1510,3
350,5,1589,6
350,6,2747,6
350,7,642,6
351,8,1142,6
351,9,6000,6
351,10,1886,6
351,11,5406,6
351,12,1514,6
351,13,354,4
351,14,100,0.75
351,15,659,6
352,16,265,0.75
352,17,498,0.75
352,18,1112,0.75
352,19,1812,0.75
352,20,1062,0.75
352,21,762,0.75
352,22,1012,0.75
352,23,362,0.75
352,24,662,0.75
`352-1,25,175,0.75
`352-1,26,307,0.75
`352-1,27,114,0.75
`352-1,28,100,0.75
`352-1,29,100,0.75
`352-1,30,100,0.75
`352-1,31,662,0.75
`352-1,32,100,0.75
`352-1,33,282,0.75
353,1,510,1.5
353,2,100,0.5
353,3,100,0.5
353,4,892,6
353,5,2401,6
353,6,244,6
354,7,3360,6
354,8,878,6
354,9,4725,6
354,10,2312,6
354,11,342,6
354,12,3297,6
355,13,2643,6
355,14,6000,6
355,15,6000,6
355,16,6000,6
355,17,5463,6
355,18,1492,6
356,19,100,0.75
356,20,6000,6
356,21,6000,6
356,22,1442,6
356,23,1492,6
356,24,2723,6
356,25,6000,6
357,26,6000,6
357,27,6000,6
357,28,100,0.75
357,29,1433,6
357,30,742,6
357,31,4752,6
357,32,378,6
358,33,6000,6
358,34,6000,6
358,35,3583,6
358,36,188,6
358,37,2814,6
358,38,6000,6
359,39,378,6
359,40,4926,6
359,41,446,6
360,42,6000,6
360,43,1936,6
360,44,6000,6
360,45,6000,6
360,46,4831,6
361,47,6000,2
361,48,4544,2
361,49,1022,2
362,50,6000,6
362,51,6000,6
362,52,278,6
362,53,1492,6
362,54,6000,6
362,55,6000,6
362,56,2788,6
362,57,6000,6
362,58,3714,6
363,1,1863,6
363,2,742,6
363,3,6000,6
363,4,6000,6
363,5,6000,6
363,6,1167,6
363,7,378,6
364,8,6000,6
364,9,6000,6
364,10,2997,6
364,11,6000,4
364,12,2483,4
364,13,2196,4
365,14,498,2
365,15,1763,2
365,16,2903,2
365,17,4628,6
365,18,9,6
366,19,6000,4
366,20,1498,4
366,21,4060,4
366,22,6000,4
366,23,6000,4
366,24,6000,4
366,25,6000,4
366,26,3620,4
366,27,6000,4
366,28,5989,4
367,1,558,2
367,2,100,0.75
367,3,1223,2
367,4,1348,2
368,5,100,0.75
368,6,2478,2
368,7,1363,2
368,8,1388,2
368,9,6000,2
368,10,898,2
368,11,3103,2
369,1,323,3
369,2,1032,3
369,3,6000,3
369,4,3372,3
369,5,100,0.5
369,6,250,3
369,7,200,3
370,1,100,3
370,2,177,4
370,3,508,4
371,1,556,1
371,2,1214,1
371,3,4904,1
371,4,474,1
371,5,504,1
371,6,6000,1
371,7,2217,1
372,8,6000,1
372,9,4817,1
372,10,6000,1
372,11,492,1
372,12,100,0.75
372,13,973,1
373,1,506,0.75
373,2,782,0.75
373,3,3280,0.75
373,4,696,0.75
373,5,100,0.75
373,6,286,0.75
373,7,100,0.75
373,8,226,0.75
374,9,234,0.75
374,10,4057,0.75
374,11,1332,0.75
374,12,711,0.75
374,13,967,0.75
374,14,617,0.75
375,1,1622,0.75
375,2,162,0.75
375,3,6000,0.75
375,4,1217,0.75
375,5,696,0.75
375,6,100,0.75
375,7,118,0.75
376,8,268,0.75
376,9,226,0.75
376,10,231,0.75
376,11,6000,0.75
376,12,796,0.75
376,13,1312,0.75
376,14,827,0.75
376,15,192,0.75
377,1,473,3
377,2,100,0.75
377,3,2412,3
377,4,6000,3
377,5,599,3
377,6,170,3
377,7,379,3
377,8,100,0.75
377,9,334,3
378,10,826,3
378,11,100,0.5
378,12,441,4
378,13,194,4
379,14,259,4
379,15,1224,6
379,16,671,6
379,17,3345,4
379,18,6000,4
379,19,6000,4
379,20,1543,4
380,21,6000,4
380,22,6000,4
380,23,1240,4
380,24,3669,4
381,1,606,1.5
381,2,1476,1.5
381,3,3136,1.5
381,4,536,1.5
381,5,105,1.5
381,6,105,1.5
381,7,100,1.5
381,8,636,1.5
381,9,100,1.5
381,10,84,1.5
382,11,100,1.5
382,12,100,1
382,13,602,1.5
382,14,1155,1.5
382,15,2207,2
382,16,196,2
383,1,606,1.5
383,2,476,1.5
383,3,3136,1.5
383,4,121,1.5
383,5,106,1.5
383,6,132,1.5
383,7,549,1.5
383,8,100,1.5
383,9,83,1.5
383,10,100,1.5
384,11,100,1
384,12,515,1.5
384,13,1153,1.5
384,14,410,2
384,15,2389,2
384,16,111,2
384,17,197,2
385,1,606,1.5
385,2,1476,1.5
385,3,1736,1.5
385,4,536,1.5
385,5,121,1.5
385,6,104,1.5
385,7,100,1.5
385,8,642,1.5
385,9,100,1.5
385,10,85,1.5
386,11,100,1.5
386,12,100,1
386,13,608,1.5
386,14,1154,1.5
386,15,2497,2
386,16,192,2
387,1,573,2
387,2,1328,2
387,3,6000,2
387,4,2891,2
387,5,465,2
387,6,76,2
387,7,575,2
387,8,210,2
388,9,100,1
388,10,200,3
388,11,548,2
388,12,1317,2
389,1,573,2
389,2,1328,2
389,3,6000,2
389,4,2891,2
389,5,465,2
389,6,76,2
389,7,575,2
389,8,210,2
390,9,100,1
390,10,200,3
390,11,548,2
390,12,1317,2
391,1,248,2
391,2,5000,2
391,3,6000,2
391,4,6000,2
391,5,3620,2
392,6,610,2
392,7,3463,2
392,8,3798,2
392,9,698,2
392,10,3490,2
392,11,1898,2
393,12,6000,2
393,13,6000,2
393,14,4072,2
395,1,526,3
395,2,2397,3
395,3,6000,3
395,4,630,3
395,5,153,3
395,6,365,3
395,7,100,0.75
395,8,284,3
396,9,738,3
396,10,100,0.5
396,11,518,3
396,12,284,3
397,13,136,3
397,14,1572,3
397,15,786,3
397,16,4958,3
397,17,1162,3
397,18,550,3
397,19,6000,2
398,20,6000,2
398,21,6000,2
398,22,6000,2
398,23,4819,2
398,24,6000,2
398,25,1189,2
399,1,3569,2
399,2,598,2
399,3,100,0.75
399,4,6000,2
399,5,613,2
399,6,4098,2
400,7,100,0.75
400,8,2218,2
400,9,798,2
400,10,100,0.75
400,11,5398,2
400,12,798,2
400,13,100,0.75
400,14,6000,2
400,15,2202,2
400,16,646,2
400,17,2968,2
400,18,342,2
401,19,509,2
402,20,482,2
402,21,775,2
402,22,522,3
403,1,652,1.5
403,2,2806,1.5
403,3,100,0.75
403,4,136,1.5
403,5,932,1.5
403,6,124,1.5
403,7,100,1.5
403,8,168,1.5
403,9,100,1.5
403,10,100,1.5
404,11,178,2
404,12,1420,1.5
404,13,158,1.5
405,1,652,1.5
405,2,2806,1.5
405,3,100,0.75
405,4,136,1.5
405,5,932,1.5
405,6,124,1.5
405,7,100,1.5
405,8,158,1.5
405,9,1387,1.5
405,10,157,1.5
406,11,100,1.5
406,12,100,1.5
407,13,153,2
408,1,558,2
408,2,923,2
408,3,2848,2
408,4,3173,2
408,5,1886,2
409,1,506,0.75
409,2,882,0.75
409,3,3280,0.75
409,4,696,0.75
409,5,100,0.75
409,6,286,0.75
409,7,100,0.75
409,8,226,0.75
409,9,234,0.75
409,10,4806,0.75
409,11,1257,0.75
409,12,642,0.75
410,1,555,1
410,2,1714,1
410,3,2954,1
410,4,6000,1
410,5,6000,1
411,6,6000,1
411,7,6000,1
411,8,3103,1
411,9,4305,1
411,10,1123,1
412,1,706,0.75
412,2,1287,0.75
412,3,4780,0.75
412,4,696,0.75
412,5,136,0.75
412,6,250,0.75
412,7,100,0.75
412,8,226,0.75
412,9,234,0.75
412,10,4807,0.75
412,11,1682,0.75
412,12,562,0.75
413,1,706,0.75
413,2,1237,0.75
413,3,4780,0.75
413,4,696,0.75
413,5,136,0.75
413,6,250,0.75
413,7,100,0.75
413,8,226,0.75
413,9,234,0.75
413,10,4807,0.75
413,11,612,0.75
413,12,616,0.75
414,1,617,0.75
414,2,1937,0.75
414,3,2962,0.75
414,4,962,0.75
414,5,712,0.75
414,6,1612,0.75
414,7,300,0.75
415,1,148,2
415,2,2108,2
415,3,1448,2
415,4,5800,2
415,5,220,2
415,6,6000,2
415,7,6000,2
415,8,6000,2
415,9,6000,2
415,10,4634,2
415,11,1000,2
416,1,556,1
416,2,639,1
416,3,4454,1
416,4,3596,1
416,5,2668,1
417,1,913,1
417,2,1114,1
417,3,6000,1
417,4,1141,1
417,5,969,1
418,1,315,1
418,2,5154,1
418,3,1394,1
418,4,969,1
419,1,306,1
419,2,1031,1
419,3,6000,1
419,4,741,1
419,5,2887,1
419,6,304,1
419,7,254,1
419,8,1718,1
420,1,563,1
420,2,4124,1
420,3,4504,1
420,4,389,1
420,5,3268,1
421,1,563,1
421,2,584,1
421,3,354,1
421,4,307,1
421,5,6000,1
421,6,391,1
421,7,969,1
422,1,1885,1
422,2,654,1
422,3,1749,1
422,4,6000,1
422,5,6000,1
422,6,4078,1
422,7,169,1
422,8,8,1
423,1,656,1
423,2,1231,1
423,3,6000,1
423,4,1255,1
424,1,6000,1
424,2,6000,1
424,3,449,1
424,4,304,1
424,5,6000,1
424,6,1341,1
424,7,194,1
424,8,3419,1
425,1,539,1
425,2,6000,1
425,3,2241,1
425,4,754,1
425,5,2469,1
426,1,539,1
426,2,6000,1
426,3,2241,1
426,4,754,1
426,5,2469,1
427,1,231,1
427,2,154,1
427,3,972,1
427,4,4954,1
427,5,1373,1
427,6,158,1
428,1,100,1
428,2,200,1
428,3,904,1
428,4,131,1
428,5,587,1
428,6,100,0.75
428,7,95,1
428,8,79,1
428,9,100,0.75
429,10,100,1
429,11,464,1
429,12,300,1
429,13,203,1
429,14,315,1
430,1,231,0.75
430,2,4396,0.75
430,3,100,0.75
430,4,2784,0.75
430,5,1062,0.75
430,6,3587,0.75
431,7,100,0.75
431,8,250,0.75
431,9,100,0.75
431,10,100,0.75
431,11,464,0.75
431,12,100,0.75
431,13,276,0.75
431,14,100,0.75
431,15,117,0.75
432,1,231,0.75
432,2,4396,0.75
432,3,3195,0.75
432,4,312,0.75
432,5,100,0.75
432,6,1467,0.75
432,7,1881,0.75
432,8,100,0.75
432,9,100,0.75
433,10,100,0.75
433,11,100,0.75
433,12,592,0.75
433,13,100,0.75
433,14,1337,0.75
433,15,1329,0.75
433,16,1211,0.75
433,17,3198,0.75
433,18,463,0.75
434,1,148,2
434,2,1723,2
434,3,2203,2
434,4,1680,2
434,5,1728,2
434,6,6000,2
435,7,2168,2
435,8,747,2
435,9,2582,2
435,10,5462,2
435,11,4544,2
435,12,100,2
436,13,4972,2
436,14,3117,2
436,15,1828,2
436,16,973,2
436,17,5940,2
436,18,1472,2
437,1,1038,1.5
437,2,845,1.5
437,3,584,1.5
437,4,2197,1.5
437,5,686,1.5
437,6,135,1.5
437,7,623,1.5
437,8,90,0.75
437,9,81,1.5
437,10,686,1.5
438,11,100,1.5
438,12,100,0.5
438,13,100,1.5
438,14,160,1.5
438,15,160,1.5
439,16,100,0.5
439,17,236,1.5
439,18,178,1.5
439,19,250,1.5
439,20,235,1.5
439,21,250,1.5
440,1,177,1
440,2,2014,1
440,3,630,1
440,4,1184,1
440,5,1334,1
441,1,177,1
441,2,1184,1
441,3,630,1
441,4,2079,1
442,1,1091,1
442,2,2984,1
442,3,193,1
442,4,2644,1
443,1,1056,1
443,2,194,1
443,3,2984,1
443,4,158,1
443,5,2809,1
444,1,1091,1
444,2,2984,1
444,3,193,1
444,4,2644,1
445,1,853,1
445,2,1184,1
445,3,889,1
446,1,213,1
446,2,799,1
446,3,2179,1
446,4,672,1
446,5,369,1
447,1,100,0.75
447,2,100,0.75
447,3,100,0.75
447,4,459,4
448,5,100,0.5
448,6,100,0.5
448,7,280,4
448,8,450,3
449,1,333,1
449,2,100,1
449,3,186,4
450,4,100,1
450,5,100,1
450,6,100,0.5
450,7,100,1
450,8,208,4
451,9,145,1
451,10,336,1
451,11,204,4
451,12,133,4
451,13,2079,4
451,14,1976,4
452,15,109,4
452,16,6000,4
452,17,6000,4
452,18,5680,4
452,19,501,4
452,20,3146,4
452,21,6000,4
452,22,6000,4
452,23,6000,4
452,24,100,0.75
452,25,1366,4
452,26,1196,4
452,27,2566,4
452,28,446,4
453,29,6000,4
453,30,6000,4
453,31,2251,4
453,32,6000,4
453,33,100,0.75
453,34,3476,4
453,35,896,4
453,36,6000,4
453,37,6000,4
453,38,6000,4
453,39,100,0.75
453,40,2261,4
453,41,896,4
453,42,6000,4
453,43,1826,4
453,44,446,4
454,45,6000,4
454,46,218,4
454,47,128,4
454,48,3622,4
454,49,100,0.75
454,50,301,4
455,51,304,1
455,52,362,1
455,53,100,1
455,54,300,4
456,1,100,0.75
456,2,100,0.75
456,3,100,0.75
456,4,459,4
457,5,100,0.5
457,6,100,0.5
457,7,280,4
457,8,450,3
458,1,333,1
458,2,100,1
458,3,186,4
458,4,100,1
458,5,208,4
458,6,145,1
458,7,336,1
458,8,204,4
459,9,100,1
459,10,100,0.5
459,11,100,1
460,12,133,4
460,13,2079,4
460,14,1776,4
460,15,109,4
460,16,6000,4
460,17,6000,4
460,18,6000,4
460,19,6000,4
460,20,2368,4
460,21,369,4
460,22,95,4
460,23,3146,4
461,24,6000,4
461,25,6000,4
461,26,6000,4
461,27,100,0.75
461,28,1366,4
461,29,1196,4
461,30,2766,4
461,31,446,4
461,32,6000,4
461,33,5600,4
461,34,2651,4
461,35,6000,4
461,36,100,0.75
461,37,3276,4
462,38,896,4
462,39,6000,4
462,40,6000,4
462,41,6000,4
462,42,100,0.75
462,43,2061,4
462,44,896,4
462,45,6000,4
462,46,6000,4
462,47,6000,4
462,48,3233,4
462,49,446,4
462,50,6000,4
462,51,573,4
462,52,3622,4
463,53,100,0.75
463,54,301,4
464,55,304,1
464,56,362,1
464,57,100,1
464,58,300,4
466,1,100,1
466,2,100,1
466,3,2356,4
466,4,100,0.75
466,5,6000,4
466,6,1996,4
466,7,2356,4
467,1,52,2
467,2,2592,2
467,3,101,2
467,4,4339,2
467,5,76,2
467,6,6000,2
467,7,6000,2
467,8,5528,2
468,9,3298,2
468,10,6000,2
468,11,6000,2
468,12,6000,2
468,13,100,0.75
468,14,1518,2
468,15,1348,2
468,16,1678,2
469,17,598,2
469,18,125,2
469,19,6000,2
469,20,6000,2
469,21,1880,2
470,22,6000,2
470,23,4668,2
470,24,1048,2
470,25,6000,2
470,26,6000,2
470,27,6000,2
471,28,3330,2
471,29,2690,2
471,30,1798,2
471,31,6000,2
471,32,6000,2
471,33,5610,2
472,34,795,2
472,35,598,2
472,36,5400,2
472,37,6000,2
473,38,6000,2
473,39,6000,2
473,40,2066,2
473,41,598,2
473,42,763,2
473,43,1453,2
473,44,1870,2
474,1,1149,2
474,2,598,2
474,3,1883,2
474,4,334,2
475,1,6327,2
475,2,6000,2
475,3,6000,2
475,4,1580,2
475,5,1348,2
475,6,2143,2
475,7,598,2
475,8,6000,2
475,9,6000,2
476,10,2133,2
476,11,6000,2
476,12,100,0.75
476,13,4203,2
476,14,1048,2
476,15,6000,2
477,16,6000,2
477,17,6000,2
477,18,100,0.75
477,19,6000,2
477,20,148,2
477,21,1798,2
477,22,3848,2
478,23,253,2
478,24,3896,2
478,25,100,1
478,26,99,3
479,27,178,3
479,28,178,3
479,29,100,1
479,30,200,3
480,31,3072,3
480,32,621,3
480,33,522,3
480,34,3517,3
480,35,522,3
480,36,5985,3
480,37,6000,3
480,38,6000,3
481,39,1067,3
481,40,522,3
481,41,6000,3
481,42,6000,3
481,43,100,0.75
481,44,5762,3
481,45,522,3
482,46,972,3
482,47,522,3
482,48,972,3
482,49,322,3
482,50,6000,3
482,51,4117,3
483,52,472,3
483,53,1712,3
483,54,122,0.75
483,55,100,0.75
483,56,1815,3
484,57,487,1
484,58,875,1
484,59,100,1
484,60,296,3
484,61,100,1
484,62,215,3
485,1,6227,2
485,2,6000,2
485,3,6000,2
485,4,1880,2
485,5,1348,2
485,6,2278,2
485,7,598,2
485,8,6000,2
485,9,6000,2
486,10,2133,2
486,11,6000,2
486,12,100,0.75
486,13,4068,2
486,14,1048,2
486,15,6000,2
486,16,6000,2
487,17,6000,2
487,18,100,0.75
487,19,6000,2
487,20,148,2
487,21,1798,2
487,22,3498,2
487,23,118,2
487,24,3896,2
487,25,100,1
488,1,782,3
488,2,782,3
488,3,2402,3
488,4,671,3
488,5,6000,3
488,6,100,0.75
488,7,4067,3
489,8,722,3
489,9,100,0.75
489,10,5032,3
489,11,721,3
489,12,1912,3
489,13,873,3
490,14,490,3
490,15,1491,3
490,16,400,3
490,17,401,3
490,18,335,3
490,19,401,3
490,20,765,3
490,21,1582,4
490,22,347,4
491,1,2033,1
491,2,303,1
491,3,1104,1
491,4,6000,1
491,5,225,1
491,6,177,4
491,7,100,1
492,1,700,1
492,2,553,1
492,3,1149,1
492,4,4488,1
492,5,177,4
492,6,100,1
493,1,1310,8
493,2,2854,8
493,3,6000,8
493,4,6000,8
493,5,264,3
493,6,1431,8
493,7,6000,8
494,8,6000,8
494,9,4190,8
494,10,590,8
494,11,6000,8
494,12,6000,8
494,13,6000,8
494,14,2330,8
494,15,140,8
495,16,6000,8
495,17,3197,8
495,18,6000,8
495,19,4457,8
495,20,1890,8
495,21,6000,8
495,22,495,8
496,23,140,8
496,24,3507,8
496,25,1512,8
496,26,905,8
496,27,185,8
496,28,6000,8
496,29,440,8
496,30,2400,8
497,31,126,1.5
497,32,6000,8
497,33,169,8
497,34,431,8
497,35,2273,8
497,36,1113,8
498,1,6000,8
498,2,2143,8
498,3,6000,8
498,4,1217,8
498,5,1561,8
498,6,1340,8
498,7,5953,8
498,8,267,8
499,1,200,8
499,2,641,8
499,3,300,8
500,1,3634,1
500,2,1879,1
500,3,381,1
500,4,150,1
500,5,115,1
500,6,355,1
501,7,251,1
501,8,200,1
501,9,150,1
501,10,100,1
501,11,955,1
502,12,6000,1
502,13,2316,1
502,14,3282,1
502,15,254,1
502,16,1575,1
502,17,1663,1
502,18,1163,1
503,19,377,1
503,20,100,1
503,21,160,1
503,22,1120,1
503,23,902,1
503,24,91,1
503,25,100,1
503,26,100,0.75
504,27,854,1
504,28,679,1
505,29,2993,1
505,30,926,1
505,31,100,0.75
505,32,120,1
505,33,110,1
506,1,1265,3
506,2,323,3
506,3,100,0.75
506,4,1522,3
506,5,195,3
507,1,1250,8
507,2,176,1
507,3,720,8
508,1,1943,2
508,2,1895,2
508,3,1348,2
508,4,348,2
508,5,973,2
508,6,2086,2
509,7,102,2
509,8,100,1
509,9,232,2
509,10,344,2
509,11,627,2
510,1,610,2
510,2,344,2
510,3,627,2
511,1,1610,2
512,1,100,1.5
512,2,100,1.5
512,3,100,1.5
512,4,796,1.5
512,5,561,1.5
513,6,125,1
513,7,119,1
513,8,109,1
513,9,100,1
513,10,100,1
513,11,134,1
513,12,110,1
513,13,160,1
513,14,111,1
514,15,926,1.5
514,16,326,1.5
514,17,395,1.5
514,18,936,1.5
514,19,600,1.5
514,20,636,1.5
514,21,2086,1.5
514,22,110,1
514,23,76,1
514,24,100,1
514,25,664,1
514,26,904,1
514,27,682,1
515,28,210,1
515,29,100,1
515,30,118,1
515,31,158,1
515,32,188,1
516,33,155,1
516,34,6000,1
516,35,2516,1
516,36,3474,1
516,37,6000,1
516,38,952,1
516,39,100,0.75
516,40,100,1
516,41,380,1
516,42,110,1
517,43,100,0.75
517,44,100,0.75
518,1,125,1
518,2,119,1
518,3,109,1
518,4,160,1
518,5,100,1
518,6,100,1.5
518,7,99,1.5
518,8,100,1.5
518,9,797,1.5
518,10,561,1.5
519,11,100,1
519,12,100,1
519,13,134,1
519,14,109,1
520,1,253,1
520,2,134,1
520,3,200,1
521,1,526,0.75
521,2,1413,0.75
521,3,1187,0.75
521,4,100,0.75
521,5,3336,0.75
521,6,103,0.75
521,7,100,0.75
521,8,125,0.75
522,1,329,1.5
522,2,126,1.5
522,3,100,0.75
522,4,131,1.5
522,5,2567,1.5
522,6,818,1.5
522,7,1557,1.5
522,8,131,1.5
523,9,100,1.5
523,10,134,1.5
524,1,100,1
524,2,451,1
524,3,100,1
524,4,100,1
524,5,100,1
524,6,126,1
524,7,300,4
525,8,773,1
525,9,347,1
525,10,131,1
525,11,100,1
525,12,100,1
525,13,100,1
525,14,100,1
525,15,612,1
525,16,1061,1
525,17,347,1
526,1,336,6
527,2,176,1
527,3,100,2
527,4,100,2
528,5,100,2
528,6,6000,6
528,7,2231,6
528,8,1762,6
528,9,1276,6
528,10,2193,6
529,1,100,1
529,2,156,1
529,3,779,1
529,4,100,1
529,5,262,1
529,6,139,1
529,7,235,1
529,8,100,1
529,9,109,1
529,10,4959,1
529,11,650,1
529,12,464,1
529,13,413,1
530,1,100,1.5
530,2,436,1.5
530,3,176,1
530,4,300,4
530,5,100,0.75
530,6,128,1.5
531,7,100,1.5
531,8,236,1.5
531,9,100,1.5
531,10,100,1
531,11,336,1.5
531,12,236,1.5
531,13,217,1.5
531,14,1099,1.5
531,15,2024,1.5
531,16,100,1.5
532,1,308,2
532,2,176,1
532,3,300,4
532,4,1357,2
533,5,154,2
533,6,398,2
533,7,341,2
533,8,286,2
534,9,279,2
535,10,248,2
535,11,4548,2
535,12,248,2
535,13,2586,2
535,14,102,2
536,15,150,2
536,16,100,1
536,17,282,2
536,18,344,2
536,19,627,2
537,1,410,2
537,2,344,2
537,3,627,2
538,1,125,1
538,2,119,1
538,3,109,1
538,4,100,1
538,5,100,1
538,6,134,1
538,7,109,1
538,8,160,1
538,9,100,1
539,10,99,1.5
539,11,100,1.5
539,12,100,1.5
539,13,797,1.5
539,14,561,1.5
539,15,936,1.5
539,16,936,1.5
539,17,299,1.5
539,18,298,1.5
540,19,4636,1.5
540,20,240,1.5
540,21,1454,1.5
540,22,3418,1.5
540,23,2144,1
540,24,797,1
540,25,114,1
540,26,100,0.75
540,27,299,1
540,28,109,1
541,1,125,1
541,2,119,1
541,3,109,1
541,4,160,1
541,5,100,1
541,6,100,1.5
541,7,99,1.5
541,8,100,1.5
541,9,797,1.5
541,10,561,1.5
542,11,100,1
542,12,100,1
542,13,134,1
542,14,109,1
543,1,116,1.5
543,2,372,1
544,1,495,0.75
544,2,218,0.75
544,3,100,0.75
544,4,1170,0.75
544,5,144,0.75
545,1,718,1.5
545,2,920,1.5
545,3,4936,1.5
545,4,134,1.5
545,5,341,1.5
545,6,5500,1.5
545,7,899,1.5
545,8,962,1.5
546,9,414,1.5
546,10,168,1.5
546,11,726,1.5
546,12,736,1.5
546,13,100,1.5
546,14,803,1.5
546,15,453,1.5
546,16,100,1.5
546,17,150,1.5
546,18,100,1.5
546,19,100,1.5
546,20,100,0.75
547,21,146,1.5
547,22,136,1.5
547,23,100,0.75
547,24,100,1.5
548,1,100,1
548,2,350,1
548,3,100,1
548,4,124,1
548,5,144,1
548,6,126,1
548,7,300,4
549,8,106,1
549,9,754,1
549,10,100,1
549,11,568,1
549,12,100,0.75
549,13,150,1
549,14,755,1
549,15,75,1
549,16,75,1
549,17,100,0.5
550,18,353,1
550,19,100,1
550,20,150,1
550,21,100,1
550,22,165,1
550,23,98,1
551,24,6000,1
551,25,369,1
551,26,704,1
551,27,928,1
551,28,2157,1
551,29,738,1
552,1,1995,1.5
552,2,1036,1.5
552,3,1071,1.5
552,4,1667,1.5
552,5,267,1.5
552,6,798,1.5
552,7,100,1.5
553,1,596,2
553,2,248,2
553,3,4433,2
554,1,104,1.5
554,2,151,1.5
554,3,576,1.5
554,4,125,1.5
554,5,336,2
554,6,473,2
555,7,100,0.75
555,8,1741,2
555,9,810,2
556,10,171,2
557,11,148,2
557,12,1303,2
557,13,1066,2
557,14,186,2
557,15,6000,2
557,16,1390,2
557,17,280,2
558,18,200,2
558,19,100,0.75
558,20,200,2
559,1,4478,1
559,2,1049,1
559,3,174,1
559,4,1708,1
559,5,151,1
559,6,100,1
559,7,124,1
559,8,207,1
560,1,100,1
560,2,300,1
560,3,194,1
560,4,100,1
560,5,807,1
560,6,112,1
560,7,73,1
560,8,100,1
560,9,105,1
561,10,100,1
561,11,100,1
561,12,165,1
561,13,1628,1
561,14,3954,1
561,15,713,1
561,16,200,1
562,1,609,1
562,2,200,1
562,3,1217,1
562,4,2227,1
563,1,1374,6
563,2,160,6
563,3,1292,6
564,1,957,10
564,2,176,1
564,3,564,10
565,1,2238,2
565,2,1370,2
565,3,1348,2
565,4,973,2
565,5,2286,2
565,6,102,2
566,7,100,1
566,8,232,2
566,9,344,2
566,10,627,2
567,1,610,2
567,2,344,2
567,3,627,2
568,1,1610,2
569,1,125,1
569,2,119,1
569,3,100,1
569,4,111,1
569,5,100,1
569,6,134,1
569,7,109,1
569,8,160,1
569,9,100,1
569,10,102,1.5
570,11,98,1.5
570,12,100,1.5
570,13,806,1.5
570,14,561,1.5
570,15,781,1.5
570,16,436,1.5
570,17,386,1.5
571,18,3771,1.5
571,19,625,1.5
571,20,100,0.75
571,21,126,1.5
572,22,1301,1.5
572,23,461,1.5
572,24,1539,1.5
572,25,100,1.5
572,26,295,1.5
572,27,111,1.5
572,28,1077,1.5
573,1,125,1
573,2,119,1
573,3,100,1
573,4,160,1
573,5,100,1
573,6,100,1.5
573,7,100,1.5
573,8,100,1.5
573,9,806,1.5
573,10,561,1.5
574,11,111,1
574,12,100,1
574,13,134,1
574,14,109,1
575,1,116,1.5
575,2,372,1
576,1,1138,0.75
576,2,462,0.75
576,3,3450,0.75
576,4,4101,0.75
576,5,100,0.75
576,6,100,0.75
577,1,100,1.5
577,2,75,1.5
577,3,100,0.75
577,4,25,0.75
577,5,347,1.5
577,6,126,1
577,7,300,4
578,8,121,1.5
578,9,369,1.5
578,10,403,1.5
578,11,100,1.5
578,12,200,1.5
578,13,962,1.5
578,14,355,1.5
578,15,1310,1.5
578,16,200,1.5
579,17,562,0.75
579,18,502,0.75
579,19,148,0.75
579,20,549,0.75
579,21,329,0.75
579,22,100,0.75
579,23,127,0.75
579,24,74,0.75
579,25,100,0.75
580,26,400,1.5
580,27,86,1.5
580,28,140,1.5
580,29,100,0.75
580,30,100,1.5
581,31,100,1.5
581,32,173,1.5
581,33,100,1.5
582,34,368,1.5
582,35,216,1.5
582,36,100,1.5
582,37,100,1.5
582,38,100,1.5
582,39,100,1
582,40,100,1
582,41,100,1.5
583,42,760,2
583,43,418,2
583,44,4738,2
583,45,278,2
583,46,5014,2
583,47,1830,2
583,48,1048,2
584,49,6000,2
584,50,6000,2
584,51,3713,2
584,52,100,0.75
584,53,6000,2
584,54,6000,2
584,55,4458,2
584,56,598,2
584,57,3333,2
585,58,298,2
585,59,6000,2
585,60,6000,2
585,61,4408,2
585,62,598,2
585,63,6000,2
585,64,6000,2
585,65,6000,2
585,66,1981,2
585,67,598,2
585,68,1108,2
585,69,598,2
585,70,1723,2
586,71,398,2
586,72,3528,2
586,73,548,2
586,74,1591,2
586,75,2723,2
586,76,100,0.75
586,77,330,1
586,78,303,1
586,79,196,2
587,80,100,1
588,1,100,1
588,2,146,1
588,3,231,1
588,4,263,1
588,5,100,1
588,6,178,1
588,7,100,1
588,8,100,1
588,9,114,1
588,10,4492,1
588,11,163,1
589,1,100,1
589,2,173,1
589,3,195,2
589,4,473,2
589,5,413,2
589,6,100,0.75
589,7,200,2
590,8,100,0.75
590,9,1741,2
590,10,810,2
591,11,148,2
591,12,988,2
591,13,5808,2
592,14,5248,2
592,15,198,2
592,16,1975,2
592,17,215,2
592,18,6000,2
592,19,1390,2
592,20,280,2
593,1,100,1
593,2,166,1
593,3,410,1
593,4,100,1
593,5,142,1
593,6,100,1
593,7,100,1
594,8,100,1
594,9,277,1
594,10,829,1
594,11,1638,1
594,12,5454,1
594,13,604,1
594,14,813,1
595,1,3007,1
595,2,363,1
595,3,3709,1
595,4,725,1
595,5,645,1
596,6,100,0.75
596,7,150,1
596,8,2788,1
596,9,100,1
596,10,100,1
596,11,100,1
596,12,151,1
596,13,100,1
596,14,254,1
597,1,100,1
597,2,200,1
597,3,816,1
597,4,1866,1
597,5,994,1
598,1,217,6
599,2,2432,2
599,3,446,2
599,4,1730,2
599,5,279,2
600,6,2432,2
600,7,194,2
600,8,421,2
600,9,648,2
600,10,936,2
600,11,145,2
600,12,930,2
600,13,279,2
601,14,126,1
601,15,977,6
601,16,100,0.5
601,17,100,0.5
602,18,892,6
603,1,428,6
603,2,1329,6
603,3,178,6
603,4,2562,6
603,5,2397,6
603,6,427,6
604,7,100,0.75
604,8,2732,6
604,9,328,6
605,1,1323,2
605,2,413,2
605,3,176,1
605,4,300,4
605,5,160,2
605,6,100,0.75
605,7,291,2
605,8,160,2
606,1,514,1
606,2,3311,1
606,3,171,1
606,4,1904,1
606,5,179,1
606,6,145,1
606,7,100,1
607,1,1159,3
607,2,414,3
607,3,100,1
607,4,100,1
607,5,1818,3
607,6,207,3
607,7,560,3
607,8,281,1
608,1,100,1
608,2,100,1
608,3,100,1
608,4,100,1
608,5,111,1
608,6,100,1
608,7,109,1
608,8,90,1
608,9,100,1.5
608,10,100,1.5
608,11,100,1.5
609,12,230,1.5
609,13,542,1.5
609,14,536,1.5
609,15,5336,1.5
609,16,486,1.5
609,17,706,1.5
609,18,100,0.75
609,19,100,1.5
609,20,100,1.5
609,21,520,1.5
609,22,3026,1.5
609,23,652,1.5
610,1,277,1
610,2,200,1
611,1,100,1
611,2,1006,2
611,3,1738,2
611,4,722,2
611,5,100,1
611,6,2546,2
612,7,298,2
612,8,100,1
612,9,166,2
612,10,4678,2
612,11,3951,2
612,12,850,2
612,13,147,2
614,1,105,0.75
614,2,662,0.75
614,3,938,0.75
614,4,162,0.75
614,5,386,0.75
614,6,100,0.75
614,7,162,0.75
615,8,1362,0.75
615,9,1112,0.75
615,10,1712,0.75
615,11,1223,0.75
615,12,180,0.75
615,13,642,0.75
616,1,100,0.75
616,2,662,0.75
616,3,933,0.75
616,4,167,0.75
616,5,386,0.75
616,6,100,0.75
616,7,162,0.75
616,8,1362,0.75
616,9,1112,0.75
616,10,1712,0.75
616,11,1157,0.75
616,12,642,0.75
617,1,668,4
617,2,2018,4
617,3,245,4
617,4,6000,4
617,5,6000,4
617,6,660,4
617,7,6000,4
617,8,2321,4
618,9,6000,4
618,10,3378,4
618,11,408,2
618,12,774,2
619,13,100,1
619,14,1893,4
619,15,5146,4
619,16,3041,4
619,17,446,4
620,18,6000,4
620,19,3241,4
620,20,6000,4
620,21,4291,4
620,22,146,4
620,23,6000,4
620,24,546,4
620,25,446,4
621,26,100,0.75
621,27,6000,4
621,28,6000,4
621,29,1706,4
621,30,446,4
621,31,2741,4
621,32,146,4
622,33,6000,4
622,34,6000,4
622,35,3146,4
622,36,446,4
622,37,6000,4
622,38,6000,4
622,39,6000,4
622,40,2136,4
622,41,446,4
623,42,896,4
623,43,446,4
623,44,896,4
623,45,293,4
623,46,6000,4
623,47,4090,4
624,48,443,4
624,49,2085,4
624,50,110,0.75
624,51,100,0.75
624,52,1656,4
625,53,475,1
625,54,901,1
625,55,100,1
625,56,302,4
625,57,100,1
625,58,198,4
626,1,788,4
626,2,396,4
626,3,3171,4
626,4,110,0.75
626,5,100,0.75
626,6,1708,4
627,7,475,1
627,8,901,1
627,9,100,1
627,10,302,4
627,11,100,1
627,12,216,4
628,1,5500,4
628,2,6000,4
628,3,2393,4
628,4,396,4
628,5,2085,4
628,6,110,0.75
628,7,100,0.75
628,8,1706,4
629,9,475,1
629,10,901,1
629,11,100,1
629,12,252,4
629,13,100,1
629,14,298,4
630,1,537,3
630,2,700,3
630,3,200,3
630,4,422,3
630,5,5691,3
630,6,100,0.75
630,7,2422,3
630,8,514,3
631,1,921,0.75
631,2,712,0.75
631,3,912,0.75
631,4,112,0.75
631,5,187,0.75
631,6,100,0.75
632,1,267,1
632,2,554,1
632,3,409,1
632,4,176,1
632,5,300,4
633,6,254,1
633,7,354,1
633,8,255,1
633,9,100,1
633,10,111,1
633,11,1836,1
633,12,246,1
633,13,135,1
634,1,100,0.75
634,2,100,0.75
634,3,6000,3
635,4,5771,3
635,5,6000,3
635,6,4227,3
635,7,472,3
635,8,217,3
635,9,1142,3
636,10,126,1
636,11,300,4
636,12,996,3
636,13,200,3
636,14,100,0.5
636,15,387,3
640,1,748,2
640,2,1334,2
640,3,584,3
640,4,372,3
640,5,3103,3
640,6,1220,3
640,7,132,3
640,8,525,3
641,1,748,2
641,2,1334,2
641,3,584,3
641,4,372,3
641,5,3103,3
641,6,777,3
641,7,525,3
642,1,219,4
642,2,1040,4
642,3,6000,4
642,4,1390,4
643,5,6000,4
643,6,6000,4
643,7,2623,4
643,8,4441,4
643,9,441,4
643,10,240,4
644,11,949,4
644,12,1543,4
644,13,126,1
644,14,443,4
644,15,100,0.5
644,16,284,4
645,1,434,4
645,2,1043,4
645,3,343,4
645,4,346,4
645,5,5628,4
645,6,100,0.75
645,7,2346,4
645,8,489,4
646,1,608,3
646,2,333,2
646,3,334,2
646,4,410,2
646,5,334,2
647,6,6000,3
647,7,5000,3
647,8,6000,3
647,9,1240,3
647,10,1272,3
648,11,1452,3
648,12,522,3
648,13,6000,3
648,14,4587,3
648,15,522,3
648,16,1452,3
648,17,1092,3
649,18,284,3
649,19,126,1
649,20,100,0.5
649,21,500,4
649,22,682,3
649,23,162,3
650,1,1300,3
650,2,2300,3
650,3,5691,3
650,4,100,0.75
650,5,2422,3
650,6,514,3
651,1,229,1
651,2,554,1
651,3,509,1
651,4,176,1
651,5,300,4
652,6,255,1
652,7,354,1
652,8,254,1
652,9,106,1
652,10,105,1
652,11,1736,1
652,12,246,1
652,13,135,1
653,1,273,0.75
653,2,662,0.75
653,3,654,0.75
653,4,176,1
653,5,300,4
654,6,265,0.75
654,7,362,0.75
654,8,265,0.75
654,9,113,0.75
654,10,113,0.75
654,11,1432,0.75
654,12,251,0.75
654,13,135,0.75
655,1,921,0.75
655,2,436,0.75
655,3,1012,0.75
655,4,100,0.75
655,5,100,0.75
656,1,312,0.75
656,2,1212,0.75
656,3,1018,0.75
656,4,112,0.75
656,5,125,0.75
656,6,75,0.75
657,1,299,3
657,2,2074,3
657,3,78,3
657,4,4244,3
657,5,6000,3
657,6,6000,3
658,7,5417,3
658,8,234,3
658,9,4958,3
658,10,1383,3
658,11,54,2
658,12,446,3
658,13,260,3
658,14,322,1
659,1,456,3
659,2,338,3
659,3,244,1
660,1,145,2
660,2,78,2
661,1,95,1
661,2,100,1
661,3,100,1.5
661,4,116,1
661,5,100,0.75
661,6,93,0.75
661,7,111,0.75
661,8,119,0.75
661,9,104,1
661,10,100,1
661,11,100,1.5
662,12,71,1.5
662,13,94,1.5
662,14,236,1.5
662,15,112,1.5
662,16,141,1.5
662,17,136,1.5
662,18,100,1.5
662,19,303,1.5
662,20,1336,1.5
662,21,586,1.5
662,22,236,1.5
662,23,100,1.5
662,24,3603,1.5
663,1,95,1
663,2,100,1
663,3,100,1.5
663,4,116,1
663,5,100,0.75
663,6,93,0.75
663,7,111,0.75
663,8,119,0.75
663,9,104,1
663,10,100,1
664,11,100,1.5
664,12,71,1.5
664,13,94,1.5
664,14,236,1.5
664,15,112,1.5
664,16,141,1.5
664,17,136,1.5
664,18,236,1.5
664,19,100,1.5
665,1,100,0.75
665,2,100,0.75
665,3,191,0.75
665,4,3258,1
665,5,4605,1
665,6,705,1
666,7,6000,1
666,8,6000,1
666,9,6000,1
666,10,3055,1
666,11,504,1
667,12,6000,1
667,13,91,1
667,14,658,1
667,15,1414,1
667,16,165,1
667,17,2736,1
667,18,100,1
667,19,307,1
668,1,88,4
668,2,2009,4
668,3,788,3
668,4,100,1
668,5,234,4
669,6,1251,3
669,7,788,3
669,8,205,4
669,9,346,4
669,10,2896,4
669,11,1466,4
669,12,441,4
670,1,100,0.75
670,2,100,0.75
670,3,294,0.75
670,4,1359,0.75
671,1,130,6
671,2,1547,6
671,3,1128,6
671,4,3801,6
671,5,1232,6
671,6,492,6
671,7,4592,6
671,8,1142,6
671,9,3192,6
671,10,77,6
673,1,251,0.75
673,2,687,0.75
673,3,771,0.75
673,4,518,0.75
673,5,180,0.75
673,6,100,0.75
673,7,100,0.75
674,1,4788,6
674,2,6000,6
674,3,6000,6
674,4,5694,6
674,5,6000,6
674,6,4928,6
675,7,292,6
675,8,6000,6
675,9,6000,6
675,10,6000,6
675,11,2722,6
675,12,1692,6
675,13,126,1
675,14,901,6
675,15,242,6
675,16,100,0.5
675,17,442,6
676,18,1328,6
676,19,317,6
677,1,191,1
677,2,654,1
677,3,547,1
677,4,176,1
677,5,300,4
678,6,259,0.75
678,7,362,0.75
678,8,258,0.75
678,9,106,1
678,10,105,1
678,11,2424,1
678,12,246,1
678,13,135,1
679,1,207,6
679,2,300,6
679,3,2565,6
679,4,96,6
679,5,6000,6
679,6,3315,6
679,7,6000,6
679,8,6000,6
680,9,3622,6
680,10,492,6
680,11,1702,6
680,12,83,6
680,13,48,2
680,14,1923,6
680,15,679,6
680,16,309,2
681,1,142,1
681,2,100,1
681,3,113,1
681,4,273,1
681,5,128,1
681,6,100,1
681,7,113,1
681,8,104,1
681,9,100,1
681,10,181,3
682,11,200,3
682,12,100,0.75
682,13,372,3
683,14,588,3
683,15,100,1
683,16,141,3
684,17,100,3
684,18,114,3
684,19,3322,3
684,20,722,3
684,21,272,3
684,22,2392,3
685,23,100,1
685,24,508,4
686,25,522,3
686,26,6000,3
686,27,6000,3
686,28,3667,3
686,29,971,3
686,30,100,0.75
686,31,6000,3
686,32,6000,3
686,33,6000,3
686,34,1952,3
687,35,972,3
687,36,100,0.75
687,37,5700,3
687,38,3467,3
687,39,6000,3
687,40,6000,3
687,41,2327,3
688,42,522,3
688,43,3027,3
688,44,1272,3
688,45,100,0.75
688,46,6000,3
688,47,6000,3
688,48,6000,3
688,49,1442,3
688,50,3222,3
689,51,177,3
689,52,577,3
689,53,6000,3
689,54,6000,3
689,55,5197,3
689,56,3467,3
689,57,2407,3
690,1,100,1.5
690,2,100,1.5
690,3,3571,1.5
690,4,6000,1.5
690,5,6000,1.5
690,6,6000,1.5
690,7,3008,1.5
690,8,100,0.75
690,9,100,1.5
690,10,486,1.5
691,11,5036,1.5
691,12,636,1.5
691,13,2361,1.5
691,14,2729,1.5
691,15,249,1.5
692,1,169,2
692,2,331,2
693,1,195,2
693,2,2448,2
693,3,775,2
693,4,919,2
693,5,775,2
693,6,100,1
694,7,115,2
694,8,448,2
694,9,1648,2
694,10,1618,2
694,11,498,2
696,1,810,2
696,2,1318,2
696,3,2589,2
697,1,410,2
697,2,1378,2
697,3,2239,2
698,1,200,6
698,2,304,1
698,3,329,1
698,4,832,1
698,5,100,1
698,6,300,6
699,7,100,0.75
699,8,100,1
699,9,2415,6
699,10,105,6
699,11,1914,6
699,12,48,2
699,13,1226,6
700,14,300,6
700,15,407,3
701,1,1087,6
701,2,100,1
701,3,1028,6
702,1,500,1
702,2,415,1
702,3,186,4
702,4,100,1
702,5,296,4
703,6,150,1
703,7,100,1
703,8,100,1
703,9,393,4
704,10,2806,4
704,11,1181,4
704,12,446,4
704,13,6000,4
704,14,6000,4
704,15,100,0.75
704,16,452,4
704,17,446,4
704,18,6000,4
704,19,1635,4
704,20,136,4
704,21,3617,4
705,1,143,4
705,2,409,4
705,3,100,0.75
705,4,5911,4
705,5,1039,4
705,6,1267,4
707,1,169,2
707,2,327,2
708,1,788,3
708,2,1247,3
708,3,788,3
708,4,100,1
708,5,230,4
709,6,138,4
709,7,340,4
709,8,6000,4
709,9,2656,4
709,10,689,4
709,11,493,4
711,1,466,3
711,2,6000,3
711,3,2979,3
711,4,1543,3
711,5,522,3
711,6,6000,3
711,7,5327,3
712,8,522,3
712,9,415,3
712,10,6000,3
712,11,6000,3
712,12,5550,3
712,13,1721,3
712,14,4085,3
713,15,6000,3
713,16,6000,3
713,17,6000,3
713,18,1815,3
713,19,972,3
713,20,5500,3
713,21,4777,3
714,22,6000,3
714,23,6000,3
714,24,1505,3
714,25,380,3
714,26,523,3
714,27,1917,3
714,28,1272,3
715,29,100,0.75
715,30,5000,3
715,31,6000,3
715,32,6000,3
716,33,2442,3
716,34,3222,3
716,35,6000,3
716,36,6000,3
716,37,4630,3
716,38,800,3
716,39,502,3
716,40,2607,3
717,41,5542,3
717,42,1172,3
717,43,1847,3
717,44,100,0.75
717,45,100,0.75
717,46,474,2
719,1,100,1
719,2,304,1
719,3,374,1
719,4,399,3
720,5,100,0.75
720,6,5388,3
720,7,89,3
720,8,6000,3
720,9,1875,3
720,10,1685,3
721,1,100,3
721,2,100,0.75
721,3,1627,3
721,4,1272,3
721,5,5522,3
722,6,637,3
722,7,3758,3
722,8,176,1
722,9,268,1
723,1,3469,4
723,2,6000,4
723,3,6000,4
723,4,2040,4
723,5,6000,4
723,6,4118,4
723,7,446,4
723,8,6000,4
723,9,6000,4
723,10,6000,4
723,11,446,4
724,12,1028,4
724,13,1268,4
724,14,343,4
724,15,126,1
724,16,100,0.5
724,17,884,4
725,1,284,4
725,2,943,4
725,3,1543,4
725,4,96,4
725,5,6000,4
725,6,478,4
725,7,96,4
725,8,100,0.75
725,9,2346,4
725,10,140,4
726,1,229,1
726,2,654,1
726,3,207,1
726,4,176,1
726,5,300,4
727,6,105,1
727,7,255,1
727,8,354,1
727,9,254,1
727,10,107,1
727,11,104,1
727,12,2204,1
727,13,135,1
728,1,959,0.75
728,2,462,0.75
728,3,1049,0.75
728,4,100,0.75
729,1,498,2
729,2,1403,2
729,3,2904,2
730,1,713,2
730,2,1293,2
730,3,1939,2
731,1,304,1
731,2,374,1
731,3,300,3
732,4,100,0.75
732,5,100,1
732,6,3245,3
732,7,199,3
732,8,1457,3
732,9,775,3
733,1,145,2
733,2,78,2
734,1,300,6
734,2,100,1
734,3,4159,6
734,4,351,6
734,5,6000,6
734,6,2950,6
735,7,304,1
735,8,329,1
735,9,832,1
735,10,100,1
735,11,100,0.75
736,1,100,3
736,2,100,0.75
736,3,1792,3
736,4,1272,3
736,5,5222,3
737,6,472,3
737,7,3758,3
737,8,176,1
737,9,268,1
739,1,788,3
739,2,100,1
739,3,230,4
740,4,1247,3
740,5,788,3
740,6,138,4
740,7,340,4
740,8,6000,4
740,9,2656,4
740,10,689,4
740,11,493,4
742,1,466,3
742,2,6000,3
742,3,2979,3
742,4,1708,3
742,5,522,3
742,6,6000,3
742,7,6000,3
742,8,6000,3
742,9,5500,3
742,10,1842,3
742,11,522,3
743,12,580,3
743,13,6000,3
743,14,6000,3
743,15,5550,3
743,16,1721,3
743,17,4250,3
744,18,6000,3
744,19,6000,3
744,20,6000,3
744,21,1650,3
744,22,972,3
744,23,5500,3
744,24,4942,3
745,25,6000,3
745,26,6000,3
745,27,1670,3
745,28,215,3
745,29,523,3
745,30,1752,3
745,31,1272,3
745,32,100,0.75
745,33,5000,3
746,34,6000,3
746,35,6000,3
746,36,2442,3
746,37,3222,3
746,38,6000,3
747,39,6000,3
747,40,6000,3
747,41,6000,3
747,42,1515,3
747,43,6000,3
747,44,1782,3
747,45,224,2
747,46,315,3
747,47,337,3
747,48,2607,3
748,49,100,0.75
748,50,100,0.75
748,51,100,0.75
748,52,413,2
750,1,136,1.5
750,2,281,0.75
750,3,142,0.75
750,4,142,0.75
750,5,100,0.75
750,6,277,0.75
750,7,3257,1
750,8,5604,1
750,9,707,1
751,10,6000,1
751,11,3781,1
751,12,451,1
751,13,1104,1
751,14,280,1
751,15,3488,1
751,16,100,1
751,17,281,1
752,1,100,0.75
752,2,277,0.75
752,3,3257,1
752,4,5479,1
752,5,704,1
752,6,6000,1
752,7,3961,1
753,8,454,1
753,9,1529,1
753,10,280,1
753,11,3488,1
753,12,100,1
753,13,281,1
755,1,532,3
755,2,479,3
756,1,749,2
756,2,203,2
756,3,52,2
756,4,228,2
756,5,230,1
757,1,52,2
757,2,332,2
757,3,230,1
758,1,696,2
758,2,202,2
758,3,52,2
758,4,227,2
758,5,232,1
759,1,95,1
759,2,100,1
759,3,86,1.5
759,4,116,1
759,5,100,0.75
759,6,125,0.75
759,7,100,0.75
759,8,119,0.75
759,9,104,1
759,10,100,1
760,11,100,1.5
760,12,103,1.5
760,13,76,1.5
760,14,236,1.5
760,15,100,1.5
760,16,100,1.5
760,17,139,1.5
760,18,286,1.5
760,19,100,1.5
760,20,100,1.5
761,1,95,1
761,2,100,1
761,3,86,1.5
761,4,116,1
761,5,100,1.5
761,6,103,1.5
761,7,76,1.5
762,8,99,0.75
762,9,126,0.75
762,10,100,0.75
762,11,119,0.75
762,12,104,1
762,13,100,1
763,14,236,1.5
763,15,100,1.5
763,16,603,1.5
763,17,586,1.5
763,18,1647,1.5
763,19,371,1.5
763,20,303,1.5
763,21,1047,1.5
763,22,371,1.5
763,23,303,1.5
764,1,95,1
764,2,100,1
764,3,86,1.5
764,4,116,1
764,5,100,0.75
764,6,125,0.75
764,7,100,0.75
764,8,119,0.75
764,9,104,1
764,10,100,1
765,11,100,1.5
765,12,103,1.5
765,13,76,1.5
765,14,236,1.5
765,15,100,1.5
765,16,100,1.5
765,17,139,1.5
765,18,100,1.5
765,19,286,1.5
765,20,100,1.5
766,1,142,0.75
766,2,100,0.75
766,3,379,0.75
766,4,2959,0.75
767,1,136,1.5
767,2,281,0.75
767,3,142,0.75
767,4,100,0.75
767,5,379,0.75
767,6,2959,0.75
768,1,100,1.5
768,2,129,0.75
768,3,100,0.75
768,4,3439,1.5
768,5,6000,1.5
768,6,5923,1.5
769,7,6000,1.5
769,8,6000,1.5
769,9,700,1.5
769,10,1136,1.5
769,11,6000,1.5
770,12,6000,1.5
770,13,6000,1.5
770,14,17,1.5
770,15,5700,1.5
770,16,6000,1.5
770,17,3470,1.5
770,18,229,1.5
770,19,6000,1.5
770,20,2836,1.5
770,21,618,1.5
771,1,663,2
771,2,1368,2
771,3,2739,2
772,1,563,2
772,2,1328,2
772,3,2089,2
773,1,558,1
773,2,1414,1
773,3,6000,1
773,4,2887,1
774,1,643,3
774,2,100,0.5
774,3,100,0.5
774,4,3272,3
774,5,1837,3
774,6,550,3
774,7,6000,3
775,8,6000,3
775,9,6000,3
775,10,4248,3
775,11,6000,3
775,12,1445,3
775,13,2272,3
775,14,6000,3
776,15,4485,3
776,16,6000,3
776,17,1878,3
776,18,6000,3
776,19,3278,3
776,20,550,3
776,21,6000,3
776,22,6000,3
776,23,6000,3
776,24,1807,3
776,25,972,3
776,26,2410,3
777,27,584,2
777,28,2173,2
777,29,2553,2
777,30,844,3
778,1,550,3
778,2,4572,3
778,3,972,3
778,4,100,0.75
778,5,6000,3
778,6,6000,3
778,7,6000,3
779,8,4672,3
779,9,1722,3
779,10,6000,3
779,11,100,0.75
779,12,6000,3
779,13,1672,3
779,14,1722,3
780,15,100,0.75
780,16,6000,3
780,17,6000,3
780,18,6000,3
780,19,5982,3
780,20,522,3
781,21,100,0.75
781,22,6000,3
781,23,3800,3
781,24,550,3
781,25,6000,3
781,26,6000,3
781,27,6000,3
781,28,6000,3
781,29,1806,3
782,1,6000,3
782,2,6000,3
782,3,2970,3
782,4,550,3
782,5,5072,3
782,6,222,3
782,7,6000,3
782,8,2892,3
783,9,6000,3
783,10,6000,3
783,11,1620,3
783,12,6000,3
783,13,6000,3
783,14,3494,3
784,15,6000,3
784,16,6000,3
784,17,6000,3
784,18,778,3
784,19,2550,3
784,20,1722,3
784,21,6000,3
784,22,6000,3
785,23,6000,3
785,24,6000,3
785,25,100,0.75
785,26,1472,3
785,27,1722,3
785,28,6000,3
786,29,100,0.75
786,30,6000,3
786,31,672,3
786,32,1722,3
786,33,850,3
786,34,6000,3
786,35,6000,3
787,36,6000,3
787,37,6000,3
787,38,6000,3
787,39,6000,3
787,40,100,0.75
787,41,1970,3
787,42,522,3
787,43,6000,3
787,44,6000,3
787,45,6000,3
787,46,6000,3
788,47,6000,3
788,48,5492,3
788,49,907,2
788,50,4398,2
788,51,6000,2
788,52,6000,2
788,53,6000,2
788,54,1020,2
788,55,122,2
789,1,6000,2
789,2,3411,2
789,3,610,2
789,4,1333,2
789,5,2848,2
789,6,3173,2
789,7,1886,2
789,8,6000,2
789,9,4822,2
789,10,822,2
790,1,4035,1.5
790,2,3664,1.5
790,3,3201,1.5
790,4,2364,1.5
790,5,514,1.5
790,6,308,1.5
790,7,833,1.5
791,1,334,2
791,2,6000,2
791,3,6000,2
791,4,6000,2
791,5,2350,2
791,6,610,2
791,7,3598,2
791,8,3798,2
791,9,558,2
791,10,1855,2
792,11,3350,2
792,12,6000,2
792,13,6000,2
792,14,4072,2
793,1,1331,1
793,2,6000,1
793,3,2348,1
793,4,544,1
793,5,6000,1
793,6,1328,1
793,7,3363,1
794,1,6000,1
794,2,215,1
794,3,794,1
794,4,1564,1
794,5,794,1
794,6,1629,1
794,7,79,1
794,8,1164,1
795,1,2517,1
795,2,3239,1
795,3,3230,1
795,4,100,0.75
795,5,145,1
795,6,94,1
795,7,709,1
795,8,114,1
796,1,658,1
796,2,1529,1
796,3,4444,1
796,4,3094,1
796,5,2763,1
797,1,634,1
797,2,2059,1
797,3,3694,1
797,4,744,1
797,5,3313,1
798,1,634,1
798,2,1004,1
798,3,4444,1
798,4,3586,1
798,5,2563,1
799,1,634,1
799,2,1004,1
799,3,6000,1
799,4,1037,1
800,1,634,1
800,2,1004,1
800,3,6000,1
800,4,1037,1
801,1,634,1
801,2,2734,1
801,3,3694,1
801,4,1565,1
801,5,2295,1
801,6,644,1
801,7,963,1
802,1,4545,1
802,2,2294,1
802,3,644,1
802,4,964,1
803,1,884,1
803,2,1514,1
803,3,6000,1
803,4,1119,1
803,5,864,1
804,1,185,1
804,2,5144,1
804,3,1504,1
804,4,864,1
805,1,384,1
805,2,1431,1
805,3,6000,1
805,4,718,1
805,5,2877,1
805,6,194,1
805,7,294,1
805,8,1713,1
806,1,558,1
806,2,3844,1
806,3,4394,1
806,4,409,1
806,5,3263,1
807,1,558,1
807,2,844,1
807,3,194,1
807,4,357,1
807,5,6000,1
807,6,519,1
807,7,864,1
808,1,1755,1
808,2,644,1
808,3,1709,1
808,4,6000,1
808,5,6000,1
808,6,4162,1
808,7,264,1
809,1,734,1
809,2,1631,1
809,3,6000,1
809,4,1137,1
809,5,83,1
810,1,583,2
810,2,101,0.75
810,3,1633,2
810,4,1348,2
810,5,2778,2
810,6,1363,2
810,7,1100,2
810,8,4109,2
811,1,234,2
811,2,2518,2
811,3,1448,2
811,4,5900,2
811,5,6000,2
811,6,6000,2
811,7,6000,2
811,8,6000,2
811,9,4844,2
811,10,910,2
812,1,6000,1
812,2,6000,1
812,3,285,1
812,4,294,1
812,5,6000,1
812,6,1308,1
812,7,64,1
812,8,3514,1
813,1,654,1
813,2,6000,1
813,3,2358,1
813,4,594,1
813,5,2444,1
814,1,654,1
814,2,6000,1
814,3,2358,1
814,4,594,1
814,5,2444,1
815,1,467,1
815,2,144,1
815,3,827,1
815,4,4944,1
815,5,1372,1
815,6,165,1
816,1,234,2
816,2,2133,2
816,3,2553,2
816,4,1200,2
816,5,1578,2
816,6,6000,2
816,7,2028,2
816,8,616,2
816,9,2442,2
816,10,5602,2
817,11,4772,2
817,12,4972,2
817,13,3237,2
817,14,1709,2
817,15,1103,2
817,16,6000,2
817,17,230,2
817,18,1522,2
818,1,172,1
818,2,1884,1
818,3,620,1
818,4,1464,1
818,5,1324,1
819,1,172,1
819,2,1464,1
819,3,620,1
819,4,1809,1
820,1,1086,1
820,2,84,1
820,3,3264,1
820,4,183,1
820,5,2374,1
821,1,1051,1
821,2,304,1
821,3,3264,1
821,4,149,1
821,5,2800,1
822,1,1086,1
822,2,84,1
822,3,3264,1
822,4,183,1
822,5,2374,1
823,1,848,1
823,2,1464,1
823,3,879,1
824,1,208,1
824,2,919,1
824,3,2169,1
824,4,662,1
824,5,239,1
825,1,441,1.5
825,2,1236,1.5
825,3,3436,1.5
825,4,686,1.5
825,5,1971,1.5
825,6,1186,1.5
825,7,100,1.5
826,8,100,1.5
826,9,100,1
826,10,303,1.5
826,11,100,1.5
826,12,1233,1.5
826,13,454,1.5
826,14,151,1.5
826,15,100,0.75
826,16,151,1.5
826,17,100,1.5
827,1,100,1
827,2,391,4
827,3,917,4
827,4,190,4
827,5,1279,3
828,1,148,2
828,2,103,1
828,3,356,1.25
829,1,173,2
829,2,100,1
829,3,329,1.25
830,1,122,3
830,2,100,1
830,3,205,3
830,4,231,2
831,1,186,1.5
831,2,100,0.5
831,3,182,1.5
831,4,490,1.5
832,5,201,1.5
832,6,100,0.75
832,7,186,1.5
832,8,136,1.5
832,9,150,1.5
832,10,3909,1.5
833,1,186,1.5
833,2,100,0.5
833,3,186,1.5
833,4,490,1.5
834,5,201,1.5
834,6,100,0.75
834,7,186,1.5
834,8,136,1.5
834,9,150,1.5
834,10,3909,1.5
835,1,100,0.5
835,2,272,3
836,3,100,1
836,4,263,3
836,5,3285,3
837,1,140,3
837,2,1432,3
837,3,1428,3
837,4,6000,3
837,5,6000,3
837,6,6000,3
837,7,6000,3
837,8,100,3
837,9,522,3
838,10,6000,3
838,11,477,3
838,12,2922,3
838,13,100,0.75
838,14,717,3
839,15,1891,3
839,16,1726,3
839,17,736,3
839,18,949,3
839,19,800,3
840,20,177,1
840,21,715,1
840,22,287,1
840,23,100,0.75
840,24,111,1
840,25,451,3
841,26,800,3
841,27,177,1
841,28,108,1
841,29,200,3
841,30,100,1
841,31,307,3
842,1,108,0.75
842,2,106,0.75
842,3,1304,0.75
843,1,108,0.75
843,2,106,0.75
843,3,1304,0.75
844,1,100,1.5
844,2,100,1.5
844,3,703,1.5
845,1,1536,1.5
845,2,1540,1.5
845,3,206,1.5
845,4,103,1.5
845,5,1486,1.5
845,6,1065,1.5
846,7,262,1.5
846,8,236,1.5
846,9,100,0.75
846,10,136,1.5
846,11,465,1.5
847,12,106,1.5
847,13,6000,1.5
847,14,147,1.5
847,15,903,1.5
847,16,454,1.5
847,17,111,1.5
847,18,100,0.75
847,19,111,1.5
847,20,100,1.5
848,1,191,1.5
848,2,1236,1.5
848,3,6000,1.5
848,4,6000,1.5
848,5,510,1.5
848,6,686,1.5
848,7,2121,1.5
848,8,1186,1.5
848,9,100,1.5
849,10,100,1.5
849,11,100,1
849,12,453,1.5
849,13,100,1.5
849,14,1782,1.5
849,15,454,1.5
849,16,151,1.5
849,17,100,0.75
849,18,151,1.5
849,19,100,1.5
850,1,100,1
850,2,366,4
850,3,150,4
851,4,381,4
851,5,106,4
851,6,100,1
851,7,200,4
851,8,354,2
852,1,150,4
852,2,381,4
852,3,106,4
852,4,100,1
852,5,200,4
852,6,354,2
853,1,100,0.5
853,2,272,3
854,3,100,1
854,4,250,3
854,5,635,3
854,6,150,3
854,7,100,0.5
854,8,835,3
854,9,250,3
855,10,100,0.5
855,11,4475,3
855,12,1917,3
855,13,488,3
855,14,100,0.5
855,15,500,3
855,16,2751,3
856,17,151,3
856,18,825,3
856,19,1177,3
856,20,550,3
856,21,1143,3
856,22,6000,3
856,23,6000,3
856,24,6000,3
856,25,6000,3
856,26,6000,3
856,27,308,3
856,28,6000,3
856,29,2510,3
857,30,2272,3
857,31,6000,3
857,32,4845,3
857,33,6000,3
857,34,2913,3
857,35,6000,3
857,36,2843,3
857,37,583,2
857,38,2833,2
857,39,2556,2
857,40,944,3
858,41,550,3
858,42,6000,3
858,43,6000,3
858,44,6000,3
858,45,2467,3
858,46,972,3
858,47,6000,3
858,48,6000,3
858,49,4817,3
859,1,100,0.5
859,2,272,3
860,3,100,1
860,4,250,3
860,5,607,3
860,6,1800,3
861,1,2255,1.5
861,2,714,1.5
861,3,100,1.5
861,4,384,1.5
861,5,162,1.5
861,6,151,1.5
861,7,100,0.75
862,8,162,1.5
862,9,728,1.5
862,10,753,1.5
862,11,156,1.5
862,12,100,1.5
862,13,100,1.5
862,14,100,0.75
862,15,670,1.5
863,16,97,1.5
863,17,6000,1.5
863,18,123,1.5
863,19,903,1.5
863,20,454,1.5
863,21,111,1.5
863,22,100,0.75
863,23,111,1.5
863,24,100,1.5
864,1,550,3
864,2,5807,3
864,3,222,3
864,4,6000,3
864,5,3627,3
864,6,6000,3
864,7,6000,3
865,8,6000,3
865,9,6000,3
865,10,2085,3
865,11,6000,2
866,12,6000,2
866,13,2853,2
866,14,99,1
866,15,574,2
867,16,5638,3
867,17,2955,3
867,18,1722,3
867,19,6000,3
867,20,6000,3
867,21,6000,3
867,22,6000,3
867,23,100,0.75
867,24,966,3
868,1,584,2
868,2,1993,2
868,3,2848,2
868,4,4160,2
868,5,902,2
869,1,550,3
869,2,101,0.75
869,3,2217,3
869,4,1272,3
869,5,100,0.75
869,6,3927,3
869,7,4022,3
870,8,100,0.75
870,9,1667,3
870,10,722,3
870,11,6000,3
870,12,100,0.75
870,13,2317,3
870,14,572,3
870,15,525,3
871,1,300,3
871,2,6000,3
871,3,6000,3
871,4,6000,3
871,5,1695,3
871,6,613,2
871,7,3868,2
871,8,3798,2
871,9,418,2
871,10,3210,2
871,11,1708,3
872,12,6000,2
872,13,1872,2
872,14,6000,2
872,15,2072,2
873,1,6000,1
873,2,3462,1
873,3,705,1
873,4,2199,1
873,5,2954,1
873,6,3104,1
873,7,2768,1
874,1,913,1
874,2,2259,1
874,3,6000,1
874,4,1141,1
874,5,869,1
875,1,5155,1
875,2,1754,1
875,3,869,1
876,1,385,1
876,2,2176,1
876,3,6000,1
876,4,741,1
876,5,2887,1
876,6,404,1
876,7,1968,1
877,1,563,1
877,2,3449,1
877,3,4204,1
877,4,480,1
877,5,3468,1
878,1,563,1
878,2,1259,1
878,3,487,1
878,4,6000,1
878,5,791,1
878,6,869,1
879,1,1525,1
879,2,654,1
879,3,1659,1
879,4,6000,1
879,5,6000,1
879,6,4438,1
879,7,269,1
880,1,735,1
880,2,2376,1
880,3,6000,1
880,4,1155,1
881,1,234,2
881,2,3253,2
881,3,1448,2
881,4,5661,2
881,5,6000,2
881,6,6000,2
881,7,6000,2
881,8,6000,2
881,9,5263,2
881,10,1030,2
882,1,6000,1
882,2,6000,1
882,3,209,1
882,4,304,1
882,5,6000,1
882,6,1321,1
882,7,3419,1
883,1,1468,1
883,2,454,1
883,3,2229,1
884,1,779,1
884,2,6000,1
884,3,2521,1
884,4,454,1
884,5,2229,1
885,1,532,1
885,2,154,1
885,3,567,1
885,4,4954,1
885,5,1373,1
885,6,158,1
886,1,754,1.5
886,2,6000,1.5
886,3,853,1.5
886,4,1630,1.5
886,5,303,1.5
886,6,100,1.5
886,7,99,1.5
887,1,414,1.5
887,2,100,1.5
887,3,100,0.75
887,4,6000,1.5
887,5,689,1.5
887,6,1802,1.5
887,7,203,1.5
887,8,100,1.5
887,9,99,1.5
888,1,920,1
888,2,488,1
888,3,4503,1
888,4,234,1
888,5,1975,1
889,1,234,2
889,2,2793,2
889,3,2556,2
889,4,730,2
889,5,75,0.75
889,6,75,0.75
889,7,75,0.75
889,8,1278,2
890,9,6000,2
890,10,1748,2
890,11,146,2
890,12,2162,2
890,13,632,2
890,14,5122,2
890,15,4772,2
891,16,4972,2
891,17,3477,2
891,18,1469,2
891,19,1363,2
891,20,6000,2
891,21,810,2
891,22,422,2
891,23,100,1
891,24,672,2
892,1,177,1
892,2,1654,1
892,3,630,1
892,4,2054,1
892,5,1569,1
893,1,177,1
893,2,2054,1
893,3,630,1
893,4,1534,1
894,1,1091,1
894,2,374,1
894,3,3854,1
894,4,193,1
894,5,2099,1
895,1,1056,1
895,2,554,1
895,3,3854,1
895,4,158,1
895,5,3044,1
896,1,1091,1
896,2,374,1
896,3,3854,1
896,4,193,1
896,5,2099,1
897,1,853,1
897,2,2054,1
897,3,1124,1
898,1,213,1
898,2,1189,1
898,3,2179,1
898,4,672,1
898,5,244,1
899,1,644,14
899,2,487,14
899,3,6000,14
899,4,6000,14
899,5,2213,14
899,6,6000,14
899,7,6000,14
899,8,6000,14
899,9,3819,14
899,10,884,14
900,11,6000,14
900,12,6000,14
900,13,6000,14
900,14,172,4
900,15,100,1
900,16,100,0.75
900,17,6000,14
900,18,634,14
900,19,884,14
901,20,6000,14
901,21,100,0.75
901,22,5834,14
901,23,884,14
901,24,6000,14
901,25,6000,14
901,26,6000,14
901,27,6000,14
901,28,6000,14
902,29,6000,14
902,30,100,0.75
902,31,172,4
902,32,100,1
902,33,1541,14
902,34,483,14
902,35,6000,14
902,36,6000,14
903,37,6000,14
903,38,6000,14
903,39,6000,14
903,40,3425,14
903,41,134,14
903,42,100,0.75
903,43,4081,14
903,44,6000,14
903,45,6000,14
903,46,5500,14
903,47,4421,14
904,1,200,1
904,2,549,1
904,3,851,1
904,4,2954,1
904,5,871,1
904,6,2238,1
905,1,200,1
905,2,549,1
905,3,734,1
905,4,2954,1
905,5,754,1
905,6,2238,1
906,1,553,4
906,2,150,4
906,3,222,4
906,4,6000,4
906,5,3457,4
907,6,186,4
907,7,4396,4
907,8,433,4
907,9,3010,4
907,10,3846,4
907,11,696,4
907,12,373,4
908,1,375,3
908,2,351,1.5
908,3,175,3
908,4,279,3
908,5,1138,3
908,6,1072,3
908,7,2722,3
908,8,467,3
909,1,647,6
909,2,381,4
909,3,4126,6
910,4,6000,6
910,5,6000,6
910,6,2242,6
910,7,3350,6
910,8,3692,6
910,9,539,6
910,10,319,6
911,1,538,1.5
911,2,368,1.5
911,3,802,3
911,4,871,3
911,5,847,3
911,6,772,3
911,7,410,3
912,1,4045,8
912,2,4517,8
912,3,4021,8
913,4,299,8
913,5,1922,8
913,6,142,8
913,7,3691,8
913,8,867,8
913,9,395,8
914,1,301,12
914,2,338,12
914,3,1709,12
914,4,1951,12
916,1,1021,4
916,2,1261,4
916,3,491,4
917,1,74,4
917,2,100,1
917,3,200,4
917,4,100,0.5
917,5,300,4
917,6,926,3
918,7,131,0.75
918,8,277,4
919,9,926,3
919,10,883,3
919,11,400,4
919,12,233,4
920,1,200,4
920,2,100,4
920,3,100,1
920,4,862,4
920,5,423,4
921,1,493,4
921,2,941,4
921,3,4396,4
921,4,3367,4
921,5,6000,4
921,6,6000,4
922,7,570,4
922,8,3583,4
922,9,934,4
922,10,114,3
922,11,435,3
922,12,217,3
923,13,2798,4
923,14,493,4
923,15,6000,4
923,16,100,0.75
923,17,3743,4
923,18,446,4
923,19,6000,4
923,20,6000,4
924,21,6000,4
924,22,100,0.75
924,23,6000,4
924,24,91,4
924,25,1646,4
925,26,100,0.75
925,27,6000,4
925,28,6000,4
925,29,1596,4
925,30,1646,4
925,31,3193,4
926,32,6000,4
926,33,6000,4
926,34,100,0.75
926,35,6000,4
926,36,1193,4
926,37,820,3
926,38,4407,3
926,39,550,3
927,1,6000,3
927,2,6000,3
927,3,2620,3
927,4,613,2
927,5,5313,2
927,6,298,2
927,7,6000,2
928,8,3133,2
928,9,6000,2
928,10,6000,2
928,11,6000,2
929,12,6000,2
929,13,4067,2
929,14,100,1
929,15,1372,2
930,16,1563,3
930,17,6000,3
930,18,6000,3
930,19,4743,3
930,20,2685,3
930,21,1722,3
930,22,6000,3
930,23,6000,3
930,24,6000,3
931,25,4600,3
931,26,100,0.75
931,27,2700,3
931,28,1722,3
931,29,6000,3
932,30,100,0.75
932,31,6000,3
932,32,672,3
932,33,1722,3
932,34,250,3
932,35,6000,3
933,36,6000,3
933,37,6000,3
933,38,6000,3
933,39,6000,3
933,40,6000,3
933,41,100,0.75
933,42,2735,3
933,43,522,3
933,44,6000,3
933,45,6000,3
933,46,6000,3
933,47,6000,3
933,48,6000,3
933,49,5685,3
934,1,6000,1
934,2,3979,1
934,3,704,1
934,4,2659,1
934,5,2204,1
934,6,6000,1
934,7,6000,1
934,8,828,1
934,9,3117,1
934,10,100,1
934,11,100,1
934,12,250,1
935,1,913,2
935,2,1498,2
935,3,1048,2
935,4,4160,2
935,5,149,2
936,1,625,1.5
936,2,1336,1.5
936,3,400,1.5
936,4,100,1.5
937,1,4028,1.5
937,2,3686,1.5
937,3,3726,1.5
937,4,2386,1.5
937,5,686,1.5
937,6,325,1.5
937,7,1080,1.5
938,1,625,1.5
938,2,136,1.5
938,3,100,0.75
938,4,1686,1.5
938,5,1436,1.5
938,6,1936,1.5
938,7,100,0.75
938,8,2091,1.5
939,9,4186,1.5
939,10,2236,1.5
939,11,100,0.75
939,12,136,1.5
939,13,886,1.5
939,14,576,1.5
939,15,100,0.75
939,16,4586,1.5
940,17,886,1.5
940,18,731,1.5
940,19,100,0.75
940,20,4986,1.5
940,21,786,1.5
940,22,502,1.5
940,23,1620,1.5
940,24,100,1.5
941,1,2595,3
941,2,972,3
941,3,6000,3
941,4,6000,3
941,5,6000,3
941,6,1972,3
941,7,550,3
942,8,6000,3
942,9,1743,3
942,10,6000,3
942,11,6000,3
942,12,2813,3
942,13,584,2
942,14,2338,2
942,15,2553,2
942,16,1544,3
943,17,4950,3
943,18,2272,3
943,19,6000,3
943,20,2860,3
944,21,6000,3
944,22,6000,3
944,23,6000,3
944,24,6000,3
944,25,6000,3
945,26,1728,3
945,27,6000,3
945,28,100,1
945,29,3368,3
945,30,1044,3
946,1,606,1.5
946,2,1181,1.5
946,3,6000,1.5
946,4,657,1.5
946,5,128,1.5
947,1,606,1.5
947,2,1181,1.5
947,3,6000,1.5
947,4,657,1.5
947,5,128,1.5
948,1,1075,1.5
948,2,4387,1.5
948,3,6000,1.5
948,4,6000,1.5
948,5,5972,1.5
949,6,686,1.5
949,7,1571,1.5
949,8,6000,1.5
949,9,1307,1.5
949,10,128,1.5
950,1,902,1.5
950,2,1679,1.5
950,3,6000,1.5
950,4,1123,1.5
950,5,470,1.5
950,6,836,1.5
951,1,408,1.5
951,2,5086,1.5
951,3,1256,1.5
951,4,470,1.5
951,5,78,1.5
952,1,375,1.5
952,2,1845,1.5
952,3,6000,1.5
952,4,723,1.5
952,5,2262,1.5
952,6,286,1.5
952,7,1570,1.5
952,8,1136,1.5
952,9,78,1.5
953,1,552,1.5
953,2,3701,1.5
953,3,6000,1.5
953,4,1307,1.5
953,5,336,1.5
953,6,78,1.5
954,1,552,1.5
954,2,979,1.5
954,3,6000,1.5
954,4,773,1.5
954,5,470,1.5
954,6,694,1.5
954,7,411,1.5
954,8,78,1.5
955,1,1378,1.5
955,2,636,1.5
955,3,1611,1.5
955,4,6000,1.5
955,5,6000,1.5
955,6,5376,1.5
955,7,100,0.75
955,8,100,1.5
955,9,102,1.5
955,10,108,1.5
956,1,451,1.5
956,2,1795,1.5
956,3,6000,1.5
956,4,483,1.5
956,5,386,1.5
956,6,154,1.5
957,1,233,2
957,2,2683,2
957,3,1448,2
957,4,6000,2
957,5,5060,2
957,6,6000,2
957,7,6000,2
957,8,6000,2
957,9,6000,2
957,10,547,2
957,11,347,2
958,1,234,2
958,2,2298,2
958,3,2553,2
958,4,1450,2
958,5,75,0.75
958,6,75,0.75
958,7,75,0.75
958,8,1878,2
959,9,6000,2
959,10,2308,2
959,11,874,2
959,12,943,2
959,13,4872,2
959,14,6000,2
959,15,1001,2
960,16,2743,2
960,17,4872,2
960,18,2295,2
960,19,843,2
960,20,2500,2
960,21,100,1
960,22,672,2
961,1,168,1.5
961,2,2116,1.5
961,3,405,1.5
961,4,710,1.5
961,5,391,1.5
961,6,100,1.5
962,1,100,1.5
962,2,773,1.5
962,3,724,1.5
962,4,208,1.5
963,1,100,1.5
963,2,1476,1.5
963,3,454,1.5
964,1,100,1.5
964,2,616,1.5
964,3,1258,1.5
964,4,3286,1.5
964,5,1013,1.5
964,6,2065,1.5
964,7,208,1.5
965,1,100,1.5
965,2,1476,1.5
965,3,454,1.5
966,1,100,1.5
966,2,1346,1.5
966,3,454,1.5
967,1,300,3
968,1,206,3
968,2,122,3
970,1,100,1
970,2,100,1
978,1,400,1.5
978,2,100,1.5
978,3,100,1.5
984,1,162,1
984,2,273,1
992,1,150,2
993,1,150,2
1011,1,644,1.5
1011,2,148,1.5
1014,1,100,1
1014,2,150,1
1014,3,100,1
1022,1,100,1
1022,2,100,1
1039,1,100,1
1039,2,100,1
1041,1,100,1
1041,2,100,1
1043,1,100,1
1043,2,100,1
1045,1,100,1
1045,2,100,1
1047,1,100,1
1047,2,100,1
1049,1,100,1
1049,2,100,1
1053,1,1,1
1071,1,174,2
1071,2,269,2
1071,3,166,2
1072,4,166,2
1072,5,269,2
1072,6,174,2
1075,1,563,2
1075,2,400,2
1075,3,160,2
1076,4,160,2
1076,5,400,2
1076,6,563,2
1084,1,206,4
1084,2,529,6
1084,3,1021,6
1085,1,206,4
1085,2,529,6
1085,3,1021,6
1093,1,100,1
1093,2,100,1
1101,1,100,1
1101,2,100,1
1109,1,100,1
1109,2,100,1
1117,1,100,1
1117,2,100,1
1125,1,100,1
1125,2,100,1
1158,1,1542,1.5
1158,2,1291,1.5
1158,3,836,1.5
1158,4,1976,1.5
1158,5,100,1.5
1158,6,640,1.5
1159,7,100,1.5
1159,8,136,1.5
1159,9,100,0.75
1159,10,100,1.5
1159,11,150,1.5
1159,12,100,1.5
1160,1,640,1.5
1160,2,403,1.5
1160,3,2379,1.5
1160,4,1389,1.5
1161,1,187,4
1161,2,1633,4
1161,3,644,4
1161,4,1843,4
1161,5,446,4
1161,6,6000,4
1161,7,6000,4
1162,8,6000,4
1162,9,2056,4
1162,10,445,4
1162,11,101,0.75
1162,12,6000,4
1162,13,3503,4
1163,1,127,1
1163,2,173,1
1163,3,174,1
1163,4,100,1
1163,5,126,1
1164,6,454,2
1164,7,1008,2
1164,8,3348,2
1164,9,1748,2
1164,10,348,2
1164,11,2848,2
1164,12,2368,2
1164,13,612,2
1165,1,113,1
1165,2,234,1
1165,3,235,1
1165,4,100,1
1165,5,113,1
1165,6,200,3
1165,7,200,3
1166,8,161,3
1166,9,322,3
1166,10,3272,3
1166,11,772,3
1166,12,902,3
1166,13,6000,3
1166,14,2172,3
1167,15,2122,3
1167,16,6000,3
1167,17,6000,3
1167,18,6000,3
1167,19,6000,3
1167,20,6000,3
1167,21,300,3
1167,22,6000,3
1167,23,6000,3
1168,24,6000,3
1168,25,3520,3
1168,26,2272,3
1168,27,6000,3
1168,28,6000,3
1168,29,6000,3
1168,30,1552,3
1168,31,522,3
1168,32,6000,3
1168,33,6000,3
1168,34,6000,3
1168,35,2302,3
1168,36,972,3
1168,37,2874,3
1169,1,148,4
1169,2,143,4
1169,3,769,4
1169,4,176,4
1169,5,672,4
1169,6,176,4
1169,7,3321,4
1170,1,100,1
1170,2,266,1
1170,3,266,1
1170,4,100,1
1170,5,100,1
1170,6,200,4
1171,7,200,4
1171,8,1876,4
1171,9,206,4
1171,10,194,4
1171,11,2796,4
1171,12,1376,4
1171,13,493,4
1172,1,100,1
1172,2,234,1
1172,3,235,1
1172,4,100,1
1172,5,100,1
1172,6,200,3
1172,7,200,3
1173,8,215,3
1173,9,324,3
1173,10,5422,3
1173,11,1992,3
1173,12,536,3
1173,13,264,3
1173,14,5679,3
1173,15,551,3
1174,1,127,1
1174,2,173,1
1174,3,174,1
1174,4,100,1
1174,5,126,1
1174,6,654,2
1174,7,478,2
1175,8,4647,2
1175,9,2528,2
1175,10,1448,2
1175,11,328,2
1175,12,348,2
1176,13,6000,2
1176,14,6000,2
1176,15,6000,2
1176,16,1848,2
1176,17,348,2
1176,18,6000,2
1176,19,5590,2
1176,20,2080,2
1176,21,6000,2
1176,22,3518,2
1177,1,6000,2
1177,2,753,2
1177,3,2473,2
1177,4,610,2
1178,1,1730,2
1178,2,516,2
1178,3,127,1
1178,4,100,1
1178,5,174,1
1178,6,173,1
1178,7,126,1
1179,8,1814,4
1179,9,6000,4
1179,10,546,4
1179,11,1551,4
1179,12,146,4
1179,13,446,4
1179,14,6000,4
1180,15,6000,4
1180,16,4725,4
1180,17,100,0.75
1180,18,4066,4
1180,19,896,4
1180,20,6000,4
1180,21,6000,4
1180,22,6000,4
1180,23,6000,4
1180,24,6000,4
1180,25,5966,4
1180,26,493,4
1181,1,100,1
1181,2,234,1
1181,3,235,1
1181,4,100,1
1181,5,100,1
1181,6,200,3
1182,7,200,3
1182,8,161,3
1182,9,182,3
1182,10,4672,3
1182,11,1617,3
1182,12,172,3
1182,13,551,3
1183,1,100,1
1183,2,238,1
1183,3,235,1
1183,4,100,1
1183,5,100,1
1183,6,200,3
1183,7,200,3
1184,8,2115,3
1184,9,1072,3
1184,10,2772,3
1184,11,2027,3
1184,12,522,3
1184,13,3027,3
1185,14,522,3
1185,15,6000,3
1185,16,100,0.75
1185,17,3772,3
1185,18,522,3
1185,19,5317,3
1185,20,253,3
1185,21,188,3
1186,1,1215,3
1186,2,138,3
1186,3,449,3
1186,4,423,3
1186,5,801,2.5
1187,1,1800,3
1187,2,395,3
1187,3,801,2.5
1188,1,206,1
1188,2,235,1
1188,3,150,1
1188,4,223,3
1188,5,200,3
1188,6,100,1
1188,7,300,3
1189,8,570,3
1189,9,800,3
1189,10,1982,3
1189,11,772,3
1189,12,100,0.75
1189,13,1816,3
1190,14,585,3
1190,15,2148,3
1190,16,2722,3
1190,17,522,3
1190,18,6000,3
1190,19,622,3
1191,20,522,3
1191,21,100,0.75
1191,22,6000,3
1191,23,6000,3
1191,24,872,3
1191,25,522,3
1191,26,4021,3
1191,27,2222,3
1191,28,1372,3
1191,29,122,3
1191,30,1062,3
1192,1,206,1
1192,2,235,1
1192,3,150,1
1192,4,223,3
1193,5,200,3
1193,6,112,0.75
1193,7,300,3
1193,8,570,3
1193,9,772,3
1193,10,300,3
1193,11,1328,3
1195,1,998,2
1195,2,1063,2
1195,3,1126,2
1195,4,72,2
1195,5,775,2
1196,1,100,0.75
1196,2,6000,4
1196,3,6000,4
1196,4,6000,4
1196,5,6000,4
1196,6,6000,4
1196,7,910,4
1196,8,6000,4
1196,9,2393,4
1196,10,1646,4
1197,11,100,0.75
1197,12,6000,4
1197,13,6000,4
1197,14,596,4
1197,15,1646,4
1197,16,100,0.75
1197,17,6000,4
1197,18,6000,4
1197,19,6000,4
1197,20,130,4
1198,21,6000,4
1198,22,1056,4
1198,23,1646,4
1198,24,6000,4
1198,25,6000,4
1198,26,6000,4
1198,27,2836,4
1199,28,6000,4
1199,29,6000,4
1199,30,1778,4
1199,31,493,4
1199,32,3946,4
1199,33,896,4
1199,34,4293,4
1200,35,6000,4
1200,36,6000,4
1200,37,6000,4
1200,38,93,4
1200,39,1646,4
1200,40,6000,4
1200,41,100,0.75
1200,42,6000,4
1201,43,1596,4
1201,44,1646,4
1201,45,6000,4
1201,46,6000,4
1201,47,6000,4
1201,48,546,4
1201,49,237,4
1201,50,1441,4
1201,51,5897,4
1201,52,1145,4
1202,1,472,3
1202,2,4354,3
1202,3,554,3
1203,1,680,1.5
1203,2,4886,1.5
1203,3,289,2
1203,4,6000,2
1203,5,782,2
1203,6,1049,2
1203,7,6000,2
1203,8,6000,2
1204,9,3443,2
1204,10,100,0.75
1204,11,6000,2
1204,12,6000,2
1204,13,4458,2
1204,14,598,2
1205,15,3603,2
1205,16,298,2
1205,17,6000,2
1205,18,6000,2
1205,19,3848,2
1205,20,598,2
1206,21,6000,2
1206,22,6000,2
1206,23,6000,2
1206,24,2148,2
1206,25,598,2
1206,26,1033,2
1206,27,598,2
1207,28,1028,2
1207,29,404,2
1207,30,2598,2
1207,31,548,2
1207,32,1455,2
1207,33,2364,2
1208,34,100,0.75
1208,35,200,2
1208,36,306,1
1208,37,201,1
1208,38,235,2
1208,39,100,1
1209,1,158,1
1209,2,108,1
1209,3,75,1
1209,4,136,1
1209,5,474,1
1209,6,91,1
1209,7,75,1
1209,8,202,1.5
1210,9,1295,1.5
1210,10,130,0.5
1210,11,314,0.5
1210,12,75,0.5
1210,13,100,1.5
1210,14,342,1.5
1211,1,152,1.5
1211,2,407,1.5
1211,3,1124,1.5
1211,4,4936,1.5
1212,5,4074,1.5
1212,6,407,1.5
1212,7,151,1.5
1212,8,5236,1.5
1212,9,1124,1.5
1212,10,4636,1.5
1213,11,979,1.5
1213,12,4976,1.5
1213,13,919,1.5
1213,14,707,1.5
1213,15,336,1.5
1213,16,92,1.5
1214,17,4074,1.5
1214,18,407,1.5
1214,19,151,1.5
1214,20,4936,1.5
1215,21,1734,1.5
1215,22,407,1.5
1215,23,635,1.5
1215,24,342,1.5
1215,25,2696,1.5
1215,26,200,1.5
1215,27,942,1.5
1216,1,331,3
1216,2,1606,3
1216,3,78,3
1216,4,2419,3
1216,5,6000,3
1217,6,6000,3
1217,7,5512,3
1217,8,500,3
1217,9,234,3
1217,10,2923,3
1217,11,1248,3
1217,12,54,2
1217,13,297,3
1217,14,243,1
1218,1,97,1
1218,2,96,0.75
1218,3,123,0.75
1218,4,100,0.75
1218,5,100,0.75
1218,6,100,1
1218,7,100,1
1218,8,100,1.5
1218,9,100,1.5
1218,10,100,1.5
1218,11,386,1.5
1218,12,100,1.5
1219,13,363,1.5
1219,14,112,1.5
1219,15,119,1.5
1219,16,151,1.5
1219,17,186,1.5
1219,18,100,0.75
1219,19,525,4
1220,1,486,1.5
1220,2,462,1.5
1220,3,4088,1.5
1220,4,6000,1.5
1220,5,6000,1.5
1220,6,5110,1.5
1220,7,1136,1.5
1221,8,5000,1.5
1221,9,6000,1.5
1221,10,6000,1.5
1221,11,2057,1.5
1221,12,6000,1.5
1221,13,6000,1.5
1222,14,675,1.5
1222,15,1136,1.5
1222,16,3346,1.5
1222,17,686,1.5
1222,18,2586,1.5
1222,19,100,0.75
1222,20,6000,1.5
1223,21,6000,1.5
1223,22,6000,1.5
1223,23,4547,1.5
1223,24,1886,1.5
1223,25,6000,1.5
1224,26,4273,1.5
1224,27,100,0.75
1224,28,1086,1.5
1224,29,1886,1.5
1224,30,1786,1.5
1224,31,100,0.75
1225,32,6000,1.5
1225,33,6000,1.5
1225,34,6000,1.5
1225,35,6000,1.5
1225,36,269,1.5
1225,37,686,1.5
`1225-1,38,1821,1.5
`1225-1,39,100,0.75
`1225-1,40,6000,1.5
`1225-1,41,6000,1.5
`1225-1,42,660,1.5
`1225-1,43,686,1.5
`1225-1,44,6000,1.5
`1225-1,45,1463,1.5
`1225-1,46,2386,1.5
`1225-1,47,1136,1.5
`1225-1,48,1860,1.5
`1225-1,49,1038,1.5
1226,1,100,0.75
1226,2,2464,0.75
1226,3,1987,0.75
1226,4,462,0.75
1226,5,100,0.75
1226,6,6000,0.75
1226,7,6000,0.75
1226,8,6000,0.75
1226,9,3252,0.75
1227,10,512,0.75
1227,11,2187,0.75
1227,12,663,0.75
1227,13,1757,0.75
1227,14,2744,0.75
1227,15,100,0.75
1227,16,296,0.75
1228,1,145,2
1228,2,78,2
1229,1,204,1
1229,2,100,1
1229,3,105,1
1229,4,140,1
1229,5,3051,1
1229,6,2884,1
1229,7,704,1
1229,8,6000,1
1230,9,6000,1
1230,10,3848,1
1230,11,454,1
1230,12,2774,1
1230,13,204,1
1231,14,6000,1
1231,15,6000,1
1231,16,6000,1
1231,17,260,1
1231,18,704,1
1232,19,815,1
1232,20,2759,1
1232,21,1254,1
1232,22,6000,1
1232,23,6000,1
1232,24,3794,1
1232,25,857,1
1232,26,2320,1
1232,27,100,1
1234,1,1493,2
1234,2,598,2
1234,3,1418,2
1235,1,6000,2
1235,2,6000,2
1235,3,6000,2
1235,4,1580,2
1235,5,1348,2
1235,6,2413,2
1235,7,598,2
1235,8,6000,2
1235,9,6000,2
1236,10,2133,2
1236,11,6000,2
1236,12,100,0.75
1236,13,3933,2
1236,14,1048,2
1236,15,6000,2
1237,16,6000,2
1237,17,6000,2
1237,18,100,0.75
1237,19,6000,2
1237,20,148,2
1237,21,1798,2
1237,22,2548,2
1237,23,3710,2
1237,24,746,2
1238,1,6000,2
1238,2,6000,2
1238,3,6000,2
1238,4,1880,2
1238,5,1348,2
1238,6,2548,2
1238,7,598,2
1238,8,6000,2
1239,9,6000,2
1239,10,2133,2
1239,11,6000,2
1239,12,3798,2
1239,13,1048,2
1239,14,6000,2
1240,15,6000,2
1240,16,6000,2
1240,17,100,0.75
1240,18,6000,2
1240,19,148,2
1240,20,1798,2
1240,21,2548,2
1240,22,3710,2
1240,23,238,2
1241,1,5310,2
1241,2,1048,2
1241,3,6000,2
1241,4,6000,2
1241,5,3578,2
1242,6,100,0.75
1242,7,6000,2
1242,8,6000,2
1242,9,100,0.75
1242,10,4458,2
1242,11,598,2
1242,12,3468,2
1243,13,298,2
1243,14,6000,2
1243,15,6000,2
1243,16,4268,2
1243,17,598,2
1244,18,6000,2
1244,19,6000,2
1244,20,6000,2
1244,21,1983,2
1244,22,598,2
1244,23,1108,2
1244,24,598,2
1244,25,1723,2
1245,26,398,2
1245,27,6000,2
1245,28,1068,2
1245,29,553,2
1245,30,1454,2
1245,31,2642,2
1245,32,100,0.75
1245,33,196,2
1246,34,100,1
1246,35,303,1
1246,36,330,1
1247,1,1582,6
1247,2,378,6
1247,3,3311,6
1247,4,5829,6
1247,5,342,6
1247,6,281,6
1248,1,100,1
1248,2,1006,2
1248,3,102,1
1248,4,1738,2
1248,5,102,1
1248,6,722,2
1248,7,100,1
1249,8,2546,2
1249,9,102,1
1249,10,298,2
1249,11,100,1
1249,12,166,2
1249,13,102,1
1249,14,4666,2
1249,15,4098,2
1250,1,125,0.75
1250,2,762,0.75
1250,3,958,0.75
1250,4,416,0.75
1250,5,100,0.75
1250,6,462,0.75
1250,7,3112,0.75
1250,8,1223,0.75
1250,9,180,0.75
1250,10,406,0.75
1251,1,125,0.75
1251,2,762,0.75
1251,3,958,0.75
1251,4,416,0.75
1251,5,100,0.75
1251,6,462,0.75
1251,7,3112,0.75
1251,8,1157,0.75
1251,9,406,0.75
1252,1,873,4
1252,2,1813,4
1252,3,245,4
1252,4,6000,4
1252,5,2665,4
1252,6,6000,4
1252,7,2731,4
1253,8,683,4
1253,9,408,2
1253,10,569,2
1253,11,6000,4
1253,12,100,1
1253,13,4593,4
1254,14,5146,4
1254,15,2636,4
1254,16,446,4
1254,17,6000,4
1254,18,3241,4
1254,19,6000,4
1254,20,4091,4
1254,21,146,4
1255,22,6000,4
1255,23,546,4
1255,24,446,4
1255,25,100,0.75
1255,26,6000,4
1255,27,6000,4
1255,28,1506,4
1255,29,446,4
1256,30,2541,4
1256,31,146,4
1256,32,6000,4
1256,33,6000,4
1256,34,3351,4
1256,35,446,4
1256,36,6000,4
1257,37,6000,4
1257,38,6000,4
1257,39,2541,4
1257,40,446,4
1257,41,896,4
1257,42,446,4
1257,43,896,4
1257,44,293,4
1258,45,6000,4
1258,46,4545,4
1258,47,443,4
1258,48,2573,4
1258,49,110,0.75
1258,50,100,0.75
1258,51,1656,4
1259,52,475,1
1259,53,901,1
1259,54,100,1
1259,55,302,4
1259,56,100,1
1259,57,165,4
1260,1,843,4
1260,2,396,4
1260,3,3492,4
1260,4,110,0.75
1260,5,100,0.75
1260,6,1708,4
1261,7,475,1
1261,8,901,1
1261,9,100,1
1261,10,302,4
1261,11,100,1
1261,12,248,4
1262,1,6000,4
1262,2,6000,4
1262,3,1938,4
1262,4,396,4
1262,5,2573,4
1262,6,110,0.75
1262,7,100,0.75
1262,8,1706,4
1263,9,475,1
1263,10,901,1
1263,11,100,1
1263,12,252,4
1263,13,100,1
1263,14,265,4
1264,1,748,2
1264,2,1334,2
1264,3,84,3
1264,4,550,3
1264,5,500,3
1264,6,3103,3
1264,7,1767,3
1264,8,173,3
1265,1,748,2
1265,2,1334,2
1265,3,384,3
1265,4,372,3
1265,5,3107,3
1265,6,777,3
1265,7,169,3
1266,1,3484,1.5
1266,2,131,1.5
1267,1,100,1.5
1267,2,129,0.75
1267,3,100,0.75
1267,4,3439,1.5
1267,5,131,1.5
1267,6,6000,1.5
1267,7,6000,1.5
1268,8,1791,1.5
1268,9,6000,1.5
1268,10,6000,1.5
1268,11,2230,1.5
1268,12,1136,1.5
1269,13,6000,1.5
1269,14,6000,1.5
1269,15,5770,1.5
1269,16,6000,1.5
1269,17,6000,1.5
1269,18,3040,1.5
1269,19,229,1.5
1269,20,6000,1.5
1269,21,2499,1.5
1270,1,100,0.75
1270,2,4045,8
1271,3,4519,8
1271,4,6000,8
1271,5,871,8
1272,6,123,8
1272,7,6001,8
1272,8,2169,8
1272,9,1263,8
1272,10,405,8
1273,1,206,4
1273,2,529,6
1273,3,1021,6
1274,1,206,4
1274,2,529,6
1274,3,1021,6
1275,1,794,1.5
1275,2,292,1.5
1276,1,6000,2
1276,2,6000,2
1276,3,6000,2
1276,4,2107,2
1276,5,1348,2
1276,6,1378,2
1276,7,598,2
1276,8,6000,2
1276,9,6000,2
1276,10,1968,2
1277,11,6000,2
1277,12,100,0.75
1277,13,4968,2
1277,14,1048,2
1278,15,6000,2
1278,16,6000,2
1278,17,6000,2
1278,18,100,0.75
1278,19,6000,2
1279,20,148,2
1279,21,1798,2
1279,22,4745,2
1279,23,598,2
1279,24,1511,2
1279,25,3134,2
1279,26,100,1
1280,1,178,3
1280,2,178,3
1280,3,178,3
1280,4,100,1
1280,5,200,3
1281,6,3072,3
1281,7,90,3
1281,8,1783,3
1281,9,522,3
1281,10,3862,3
1281,11,522,3
1281,12,6000,3
1281,13,6000,3
1282,14,6000,3
1282,15,1764,3
1282,16,522,3
1282,17,6000,3
1282,18,6000,3
1282,19,6000,3
1282,20,1497,3
1282,21,522,3
1282,22,3057,3
1283,23,522,3
1283,24,1820,3
1283,25,118,3
1283,26,3710,3
1283,27,525,3
1283,28,100,1
1283,29,452,3
1287,1,558,1
1287,2,1414,1
1287,3,6000,1
1287,4,2887,1
1288,1,635,1
1288,2,1854,1
1288,3,6000,1
1288,4,1041,1
1288,5,123,1
1288,6,187,1
1288,7,454,1
1288,8,266,1
1291,1,188,0.5
1291,2,111,0.5
1291,3,225,0.5
1291,4,120,0.5
1291,5,238,0.5
1291,6,98,0.5
1291,7,225,0.5
1291,8,211,1
1292,9,1111,1
1292,10,124,0.5
1292,11,252,0.5
1292,12,75,0.5
1292,13,100,1
1292,14,344,1
